system_id,name,purpose,parent_domain,affected_populations,affected_institutions,scope,classification,architecture_decision,authoritative_institution_requirement,major_dependencies,sensitive_data_classes,failure_abuse_consequences,human_rights_implications,required_specialists,required_standards,assurance_certification,accessibility_nondigital_alternatives,deployment_operating_model,lifecycle_status,maturity_target_y5,maturity_target_y10,maturity_target_y20,first_wave_funding_status,doc11_mapping,never_centralize_globally,notes
H-GOV-001,Constitutional instruments registry,Publish federation constitutions,horizontal.constitutional_governance,residents_and_institutions,governments_operators_partners,jurisdictional,shared-core,standards,jurisdictional_authority,identity;privacy;security;records,pii;domain_sensitive,service_outage;rights_harm;trust_loss,access;privacy;non_discrimination;due_process,domain_specialists;engineers;counsel,open_interop;security_baselines,security_privacy_a11y_review,required_for_claimed_services,federated_multi_operator,planned,3,5,7,partial,GC-LG/GOV-OV,false,
H-GOV-002,Governance decision procedure engine,Encode procedures,horizontal.constitutional_governance,residents_and_institutions,governments_operators_partners,jurisdictional,shared-core,reference,jurisdictional_authority,identity;privacy;security;records,pii;domain_sensitive,service_outage;rights_harm;trust_loss,access;privacy;non_discrimination;due_process,domain_specialists;engineers;counsel,open_interop;security_baselines,security_privacy_a11y_review,required_for_claimed_services,federated_multi_operator,planned,2,4,6,partial,GC-LG/GOV-OV,false,
H-GOV-003,Conflict-of-interest ethics register,Conflicts,horizontal.constitutional_governance,residents_and_institutions,governments_operators_partners,jurisdictional,shared-core,operate,jurisdictional_authority,identity;privacy;security;records,pii;domain_sensitive,service_outage;rights_harm;trust_loss,access;privacy;non_discrimination;due_process,domain_specialists;engineers;counsel,open_interop;security_baselines,security_privacy_a11y_review,required_for_claimed_services,federated_multi_operator,planned,2,4,6,partial,GC-LG/GOV-OV,false,
H-GOV-004,Independent oversight case system,Oversight intake,horizontal.constitutional_governance,residents_and_institutions,governments_operators_partners,jurisdictional,shared-core,leave-to-J,jurisdictional_authority,identity;privacy;security;records,pii;domain_sensitive,service_outage;rights_harm;trust_loss,access;privacy;non_discrimination;due_process,domain_specialists;engineers;counsel,open_interop;security_baselines,security_privacy_a11y_review,required_for_claimed_services,federated_multi_operator,planned,2,4,6,partial,GC-LG/GOV-OV,false,
H-GOV-005,Public consultation docket,Public comment,horizontal.constitutional_governance,residents_and_institutions,governments_operators_partners,jurisdictional,shared-core,reference,jurisdictional_authority,identity;privacy;security;records,pii;domain_sensitive,service_outage;rights_harm;trust_loss,access;privacy;non_discrimination;due_process,domain_specialists;engineers;counsel,open_interop;security_baselines,security_privacy_a11y_review,required_for_claimed_services,federated_multi_operator,planned,2,4,5,framework-only,GC-LG/GOV-OV,false,
H-ID-001,Person identity account service,Person accounts,horizontal.identity_credentials,residents_and_institutions,governments_operators_partners,jurisdictional,shared-core,multi-impl,jurisdictional_authority,identity;privacy;security;records,pii;domain_sensitive,service_outage;rights_harm;trust_loss,access;privacy;non_discrimination;due_process,domain_specialists;engineers;counsel,open_interop;security_baselines,security_privacy_a11y_review,required_for_claimed_services,federated_multi_operator,planned,4,6,7,partial,CP-ID/GC-CP,false,
H-ID-002,Credential issuer framework,Issue/verify credentials,horizontal.identity_credentials,residents_and_institutions,governments_operators_partners,jurisdictional,shared-core,standards,jurisdictional_authority,identity;privacy;security;records,pii;domain_sensitive,service_outage;rights_harm;trust_loss,access;privacy;non_discrimination;due_process,domain_specialists;engineers;counsel,open_interop;security_baselines,security_privacy_a11y_review,required_for_claimed_services,federated_multi_operator,planned,4,6,7,partial,CP-ID/GC-CP,false,
H-ID-003,Recovery & guardianship service,Recovery,horizontal.identity_credentials,residents_and_institutions,governments_operators_partners,jurisdictional,shared-core,reference,jurisdictional_authority,identity;privacy;security;records,pii;domain_sensitive,service_outage;rights_harm;trust_loss,access;privacy;non_discrimination;due_process,domain_specialists;engineers;counsel,open_interop;security_baselines,security_privacy_a11y_review,required_for_claimed_services,federated_multi_operator,planned,3,5,6,partial,CP-ID/GC-CP,false,
H-ID-004,Delegation & representation registry,Representatives,horizontal.identity_credentials,residents_and_institutions,governments_operators_partners,jurisdictional,shared-core,reference,jurisdictional_authority,identity;privacy;security;records,pii;domain_sensitive,service_outage;rights_harm;trust_loss,access;privacy;non_discrimination;due_process,domain_specialists;engineers;counsel,open_interop;security_baselines,security_privacy_a11y_review,required_for_claimed_services,federated_multi_operator,planned,3,5,6,framework-only,CP-ID/GC-CP,false,
H-ID-005,Anti-sybil abuse detection,Fake identity limits,horizontal.identity_credentials,residents_and_institutions,governments_operators_partners,jurisdictional,shared-core,operate,jurisdictional_authority,identity;privacy;security;records,pii;domain_sensitive,service_outage;rights_harm;trust_loss,access;privacy;non_discrimination;due_process,domain_specialists;engineers;counsel,open_interop;security_baselines,security_privacy_a11y_review,required_for_claimed_services,federated_multi_operator,planned,3,5,6,partial,CP-ID/GC-CP,false,
H-ID-006,Minors & assisted-access identity,Age/assisted paths,horizontal.identity_credentials,residents_and_institutions,governments_operators_partners,jurisdictional,shared-core,reference,jurisdictional_authority,identity;privacy;security;records,pii;domain_sensitive,service_outage;rights_harm;trust_loss,access;privacy;non_discrimination;due_process,domain_specialists;engineers;counsel,open_interop;security_baselines,security_privacy_a11y_review,required_for_claimed_services,federated_multi_operator,planned,3,5,6,framework-only,CP-ID/GC-CP,false,
H-ID-007,Organizational identity service,Entity accounts,horizontal.identity_credentials,residents_and_institutions,governments_operators_partners,jurisdictional,shared-core,multi-impl,jurisdictional_authority,identity;privacy;security;records,pii;domain_sensitive,service_outage;rights_harm;trust_loss,access;privacy;non_discrimination;due_process,domain_specialists;engineers;counsel,open_interop;security_baselines,security_privacy_a11y_review,required_for_claimed_services,federated_multi_operator,planned,3,5,7,partial,CP-ID/GC-CP,false,
H-ID-008,Cross-border identity bridge,Map credentials without central dossier,horizontal.identity_credentials,residents_and_institutions,governments_operators_partners,jurisdictional,shared-core,federate,jurisdictional_authority,identity;privacy;security;records,pii;domain_sensitive,service_outage;rights_harm;trust_loss,access;privacy;non_discrimination;due_process,domain_specialists;engineers;counsel,open_interop;security_baselines,security_privacy_a11y_review,required_for_claimed_services,federated_multi_operator,planned,2,4,6,framework-only,CP-ID/GC-CP,false,
H-ID-009,Biometric optional module interfaces,No global biometric DB,horizontal.identity_credentials,residents_and_institutions,governments_operators_partners,jurisdictional,shared-core,prohibit-global-central,jurisdictional_authority,identity;privacy;security;records,pii;domain_sensitive,service_outage;rights_harm;trust_loss,access;privacy;non_discrimination;due_process,domain_specialists;engineers;counsel,open_interop;security_baselines,security_privacy_a11y_review,required_for_claimed_services,federated_multi_operator,planned,1,3,4,absent,CP-ID/GC-CP,true,
H-ID-010,Identity audit & consent log,Access logs,horizontal.identity_credentials,residents_and_institutions,governments_operators_partners,jurisdictional,shared-core,reference,jurisdictional_authority,identity;privacy;security;records,pii;domain_sensitive,service_outage;rights_harm;trust_loss,access;privacy;non_discrimination;due_process,domain_specialists;engineers;counsel,open_interop;security_baselines,security_privacy_a11y_review,required_for_claimed_services,federated_multi_operator,planned,3,5,7,partial,CP-ID/GC-CP,false,
H-PRIV-001,Data-minimization policy engine,Purpose limitation,horizontal.privacy_data,residents_and_institutions,governments_operators_partners,jurisdictional,shared-core,reference,jurisdictional_authority,identity;privacy;security;records,pii;domain_sensitive,service_outage;rights_harm;trust_loss,access;privacy;non_discrimination;due_process,domain_specialists;engineers;counsel,open_interop;security_baselines,security_privacy_a11y_review,required_for_claimed_services,federated_multi_operator,planned,3,5,7,partial,SA-AS/GC-CP,false,
H-PRIV-002,Encryption key management service,Split-control keys,horizontal.privacy_data,residents_and_institutions,governments_operators_partners,jurisdictional,shared-core,multi-impl,jurisdictional_authority,identity;privacy;security;records,pii;domain_sensitive,service_outage;rights_harm;trust_loss,access;privacy;non_discrimination;due_process,domain_specialists;engineers;counsel,open_interop;security_baselines,security_privacy_a11y_review,required_for_claimed_services,federated_multi_operator,planned,4,6,7,partial,SA-AS/GC-CP,false,
H-PRIV-003,Cross-border transfer rule engine,Transfer legality,horizontal.privacy_data,residents_and_institutions,governments_operators_partners,jurisdictional,shared-core,standards,jurisdictional_authority,identity;privacy;security;records,pii;domain_sensitive,service_outage;rights_harm;trust_loss,access;privacy;non_discrimination;due_process,domain_specialists;engineers;counsel,open_interop;security_baselines,security_privacy_a11y_review,required_for_claimed_services,federated_multi_operator,planned,2,4,6,framework-only,SA-AS/GC-CP,false,
H-PRIV-004,DPIA privacy impact workflow,Assessments,horizontal.privacy_data,residents_and_institutions,governments_operators_partners,jurisdictional,shared-core,reference,jurisdictional_authority,identity;privacy;security;records,pii;domain_sensitive,service_outage;rights_harm;trust_loss,access;privacy;non_discrimination;due_process,domain_specialists;engineers;counsel,open_interop;security_baselines,security_privacy_a11y_review,required_for_claimed_services,federated_multi_operator,planned,3,5,6,partial,SA-AS/GC-CP,false,
H-PRIV-005,Personal data export & erasure,Portability/erasure,horizontal.privacy_data,residents_and_institutions,governments_operators_partners,jurisdictional,shared-core,reference,jurisdictional_authority,identity;privacy;security;records,pii;domain_sensitive,service_outage;rights_harm;trust_loss,access;privacy;non_discrimination;due_process,domain_specialists;engineers;counsel,open_interop;security_baselines,security_privacy_a11y_review,required_for_claimed_services,federated_multi_operator,planned,3,5,7,partial,SA-AS/GC-CP,false,
H-PRIV-006,Confidential computing patterns,Enclave patterns,horizontal.privacy_data,residents_and_institutions,governments_operators_partners,jurisdictional,shared-core,standards,jurisdictional_authority,identity;privacy;security;records,pii;domain_sensitive,service_outage;rights_harm;trust_loss,access;privacy;non_discrimination;due_process,domain_specialists;engineers;counsel,open_interop;security_baselines,security_privacy_a11y_review,required_for_claimed_services,federated_multi_operator,planned,2,4,5,framework-only,SA-AS/GC-CP,false,
H-CIV-001,Discussion deliberation platform,Civic discussion,horizontal.civic_participation,residents_and_institutions,governments_operators_partners,jurisdictional,shared-core,multi-impl,jurisdictional_authority,identity;privacy;security;records,pii;domain_sensitive,service_outage;rights_harm;trust_loss,access;privacy;non_discrimination;due_process,domain_specialists;engineers;counsel,open_interop;security_baselines,security_privacy_a11y_review,required_for_claimed_services,federated_multi_operator,planned,3,5,6,partial,GC-CP,false,
H-CIV-002,Proposal & petition system,Proposals,horizontal.civic_participation,residents_and_institutions,governments_operators_partners,jurisdictional,shared-core,reference,jurisdictional_authority,identity;privacy;security;records,pii;domain_sensitive,service_outage;rights_harm;trust_loss,access;privacy;non_discrimination;due_process,domain_specialists;engineers;counsel,open_interop;security_baselines,security_privacy_a11y_review,required_for_claimed_services,federated_multi_operator,planned,3,5,6,partial,GC-CP,false,
H-CIV-003,Consultation engine,Consultations,horizontal.civic_participation,residents_and_institutions,governments_operators_partners,jurisdictional,shared-core,reference,jurisdictional_authority,identity;privacy;security;records,pii;domain_sensitive,service_outage;rights_harm;trust_loss,access;privacy;non_discrimination;due_process,domain_specialists;engineers;counsel,open_interop;security_baselines,security_privacy_a11y_review,required_for_claimed_services,federated_multi_operator,planned,3,5,6,framework-only,GC-CP,false,
H-CIV-004,Delegation graph service,Delegation models,horizontal.civic_participation,residents_and_institutions,governments_operators_partners,jurisdictional,shared-core,reference,jurisdictional_authority,identity;privacy;security;records,pii;domain_sensitive,service_outage;rights_harm;trust_loss,access;privacy;non_discrimination;due_process,domain_specialists;engineers;counsel,open_interop;security_baselines,security_privacy_a11y_review,required_for_claimed_services,federated_multi_operator,planned,2,4,5,framework-only,GC-CP,false,
H-CIV-005,Voting ballot casting service,Authorized ballots,horizontal.civic_participation,residents_and_institutions,governments_operators_partners,jurisdictional,shared-core,multi-impl,jurisdictional_authority,identity;privacy;security;records,pii;domain_sensitive,service_outage;rights_harm;trust_loss,access;privacy;non_discrimination;due_process,domain_specialists;engineers;counsel,open_interop;security_baselines,security_privacy_a11y_review,required_for_claimed_services,federated_multi_operator,planned,2,4,6,framework-only,GC-CP,true,
H-CIV-006,Election integrity observer toolkit,Observation/RLA,horizontal.civic_participation,residents_and_institutions,governments_operators_partners,jurisdictional,shared-core,standards,jurisdictional_authority,identity;privacy;security;records,pii;domain_sensitive,service_outage;rights_harm;trust_loss,access;privacy;non_discrimination;due_process,domain_specialists;engineers;counsel,open_interop;security_baselines,security_privacy_a11y_review,required_for_claimed_services,federated_multi_operator,planned,2,4,6,framework-only,GC-CP,false,
H-CIV-007,Coercion-resistance guidance,Mitigations,horizontal.civic_participation,residents_and_institutions,governments_operators_partners,jurisdictional,shared-core,standards,jurisdictional_authority,identity;privacy;security;records,pii;domain_sensitive,service_outage;rights_harm;trust_loss,access;privacy;non_discrimination;due_process,domain_specialists;engineers;counsel,open_interop;security_baselines,security_privacy_a11y_review,required_for_claimed_services,federated_multi_operator,planned,2,3,5,absent,GC-CP,false,
H-LEG-001,Legislative drafting workspace,Draft legislation,horizontal.legislation_records,residents_and_institutions,governments_operators_partners,jurisdictional,shared-core,multi-impl,jurisdictional_authority,identity;privacy;security;records,pii;domain_sensitive,service_outage;rights_harm;trust_loss,access;privacy;non_discrimination;due_process,domain_specialists;engineers;counsel,open_interop;security_baselines,security_privacy_a11y_review,required_for_claimed_services,federated_multi_operator,planned,2,4,5,framework-only,GC-CP,false,
H-LEG-002,Official gazette publication bridge,Official pubs,horizontal.legislation_records,residents_and_institutions,governments_operators_partners,jurisdictional,integration,integrate,jurisdictional_authority,identity;privacy;security;records,pii;domain_sensitive,service_outage;rights_harm;trust_loss,access;privacy;non_discrimination;due_process,domain_specialists;engineers;counsel,open_interop;security_baselines,security_privacy_a11y_review,required_for_claimed_services,federated_multi_operator,planned,2,4,6,hidden-in-J-II,GC-CP,false,
H-LEG-003,Implementation tracking register,Implementation status,horizontal.legislation_records,residents_and_institutions,governments_operators_partners,jurisdictional,shared-core,reference,jurisdictional_authority,identity;privacy;security;records,pii;domain_sensitive,service_outage;rights_harm;trust_loss,access;privacy;non_discrimination;due_process,domain_specialists;engineers;counsel,open_interop;security_baselines,security_privacy_a11y_review,required_for_claimed_services,federated_multi_operator,planned,2,4,5,framework-only,GC-CP,false,
H-LEG-004,Public records archive,Long-term archive,horizontal.legislation_records,residents_and_institutions,governments_operators_partners,jurisdictional,shared-core,multi-impl,jurisdictional_authority,identity;privacy;security;records,pii;domain_sensitive,service_outage;rights_harm;trust_loss,access;privacy;non_discrimination;due_process,domain_specialists;engineers;counsel,open_interop;security_baselines,security_privacy_a11y_review,required_for_claimed_services,federated_multi_operator,planned,3,5,7,partial,GC-CP,false,
H-LEG-005,Provenance integrity sealing,Tamper evidence,horizontal.legislation_records,residents_and_institutions,governments_operators_partners,jurisdictional,shared-core,reference,jurisdictional_authority,identity;privacy;security;records,pii;domain_sensitive,service_outage;rights_harm;trust_loss,access;privacy;non_discrimination;due_process,domain_specialists;engineers;counsel,open_interop;security_baselines,security_privacy_a11y_review,required_for_claimed_services,federated_multi_operator,planned,4,6,7,partial,GC-CP,false,
H-AGR-001,Agreement contract workspace,Agreements,horizontal.agreements_disputes,residents_and_institutions,governments_operators_partners,jurisdictional,shared-core,reference,jurisdictional_authority,identity;privacy;security;records,pii;domain_sensitive,service_outage;rights_harm;trust_loss,access;privacy;non_discrimination;due_process,domain_specialists;engineers;counsel,open_interop;security_baselines,security_privacy_a11y_review,required_for_claimed_services,federated_multi_operator,planned,3,5,6,partial,CP-AUD,false,
H-AGR-002,Electronic signature gateway,QTSP/local e-sign,horizontal.agreements_disputes,residents_and_institutions,governments_operators_partners,jurisdictional,integration,integrate,jurisdictional_authority,identity;privacy;security;records,pii;domain_sensitive,service_outage;rights_harm;trust_loss,access;privacy;non_discrimination;due_process,domain_specialists;engineers;counsel,open_interop;security_baselines,security_privacy_a11y_review,required_for_claimed_services,federated_multi_operator,planned,3,5,7,partial,CP-AUD,false,
H-AGR-003,Evidence locker,Evidence packages,horizontal.agreements_disputes,residents_and_institutions,governments_operators_partners,jurisdictional,shared-core,reference,jurisdictional_authority,identity;privacy;security;records,pii;domain_sensitive,service_outage;rights_harm;trust_loss,access;privacy;non_discrimination;due_process,domain_specialists;engineers;counsel,open_interop;security_baselines,security_privacy_a11y_review,required_for_claimed_services,federated_multi_operator,planned,3,5,7,partial,CP-AUD,false,
H-AGR-004,Dispute intake ADR workflow,Disputes,horizontal.agreements_disputes,residents_and_institutions,governments_operators_partners,jurisdictional,shared-core,reference,jurisdictional_authority,identity;privacy;security;records,pii;domain_sensitive,service_outage;rights_harm;trust_loss,access;privacy;non_discrimination;due_process,domain_specialists;engineers;counsel,open_interop;security_baselines,security_privacy_a11y_review,required_for_claimed_services,federated_multi_operator,planned,2,4,6,framework-only,CP-AUD,false,
H-AGR-005,Court e-filing bridge,Courts,horizontal.agreements_disputes,residents_and_institutions,governments_operators_partners,jurisdictional,integration,integrate,jurisdictional_authority,identity;privacy;security;records,pii;domain_sensitive,service_outage;rights_harm;trust_loss,access;privacy;non_discrimination;due_process,domain_specialists;engineers;counsel,open_interop;security_baselines,security_privacy_a11y_review,required_for_claimed_services,federated_multi_operator,planned,1,3,5,hidden-in-J-II,CP-AUD,false,
H-CASE-001,Generic case management engine,Case patterns,horizontal.public_services_case,residents_and_institutions,governments_operators_partners,jurisdictional,shared-core,reference,jurisdictional_authority,identity;privacy;security;records,pii;domain_sensitive,service_outage;rights_harm;trust_loss,access;privacy;non_discrimination;due_process,domain_specialists;engineers;counsel,open_interop;security_baselines,security_privacy_a11y_review,required_for_claimed_services,federated_multi_operator,planned,4,6,7,partial,GC-CP/AE-ADS,false,
H-CASE-002,Appointment queue service,Scheduling,horizontal.public_services_case,residents_and_institutions,governments_operators_partners,jurisdictional,shared-core,reference,jurisdictional_authority,identity;privacy;security;records,pii;domain_sensitive,service_outage;rights_harm;trust_loss,access;privacy;non_discrimination;due_process,domain_specialists;engineers;counsel,open_interop;security_baselines,security_privacy_a11y_review,required_for_claimed_services,federated_multi_operator,planned,2,4,5,framework-only,GC-CP/AE-ADS,false,
H-CASE-003,Notifications correspondence,Notices,horizontal.public_services_case,residents_and_institutions,governments_operators_partners,jurisdictional,shared-core,reference,jurisdictional_authority,identity;privacy;security;records,pii;domain_sensitive,service_outage;rights_harm;trust_loss,access;privacy;non_discrimination;due_process,domain_specialists;engineers;counsel,open_interop;security_baselines,security_privacy_a11y_review,required_for_claimed_services,federated_multi_operator,planned,4,6,7,partial,GC-CP/AE-ADS,false,
H-CASE-004,SLA performance dashboard,SLOs,horizontal.public_services_case,residents_and_institutions,governments_operators_partners,jurisdictional,shared-core,reference,jurisdictional_authority,identity;privacy;security;records,pii;domain_sensitive,service_outage;rights_harm;trust_loss,access;privacy;non_discrimination;due_process,domain_specialists;engineers;counsel,open_interop;security_baselines,security_privacy_a11y_review,required_for_claimed_services,federated_multi_operator,planned,2,4,6,framework-only,GC-CP/AE-ADS,false,
H-CASE-005,Non-digital channel orchestration,Assisted paths,horizontal.public_services_case,residents_and_institutions,governments_operators_partners,jurisdictional,shared-core,reference,jurisdictional_authority,identity;privacy;security;records,pii;domain_sensitive,service_outage;rights_harm;trust_loss,access;privacy;non_discrimination;due_process,domain_specialists;engineers;counsel,open_interop;security_baselines,security_privacy_a11y_review,required_for_claimed_services,federated_multi_operator,planned,3,5,6,partial,GC-CP/AE-ADS,false,
H-PAY-001,Payment initiation gateway,Regulated rails,horizontal.payments_accounting,residents_and_institutions,governments_operators_partners,jurisdictional,integration,integrate,jurisdictional_authority,identity;privacy;security;records,pii;domain_sensitive,service_outage;rights_harm;trust_loss,access;privacy;non_discrimination;due_process,domain_specialists;engineers;counsel,open_interop;security_baselines,security_privacy_a11y_review,required_for_claimed_services,federated_multi_operator,planned,3,5,6,partial,CP-PAY,false,
H-PAY-002,Cost-recovery fee engine,Documented fees,horizontal.payments_accounting,residents_and_institutions,governments_operators_partners,jurisdictional,shared-core,operate,jurisdictional_authority,identity;privacy;security;records,pii;domain_sensitive,service_outage;rights_harm;trust_loss,access;privacy;non_discrimination;due_process,domain_specialists;engineers;counsel,open_interop;security_baselines,security_privacy_a11y_review,required_for_claimed_services,federated_multi_operator,planned,4,5,6,adequate,CP-PAY,false,
H-PAY-003,Treasury reconciliation service,Core treasury,horizontal.payments_accounting,residents_and_institutions,governments_operators_partners,jurisdictional,shared-core,operate,jurisdictional_authority,identity;privacy;security;records,pii;domain_sensitive,service_outage;rights_harm;trust_loss,access;privacy;non_discrimination;due_process,domain_specialists;engineers;counsel,open_interop;security_baselines,security_privacy_a11y_review,required_for_claimed_services,federated_multi_operator,planned,3,5,6,partial,CP-PAY,false,
H-PAY-004,Procurement workflow shared,Procurement patterns,horizontal.payments_accounting,residents_and_institutions,governments_operators_partners,jurisdictional,shared-core,standards,jurisdictional_authority,identity;privacy;security;records,pii;domain_sensitive,service_outage;rights_harm;trust_loss,access;privacy;non_discrimination;due_process,domain_specialists;engineers;counsel,open_interop;security_baselines,security_privacy_a11y_review,required_for_claimed_services,federated_multi_operator,planned,2,4,5,framework-only,CP-PAY,false,
H-PAY-005,Accounting ledger bridge,Books bridge,horizontal.payments_accounting,residents_and_institutions,governments_operators_partners,jurisdictional,integration,integrate,jurisdictional_authority,identity;privacy;security;records,pii;domain_sensitive,service_outage;rights_harm;trust_loss,access;privacy;non_discrimination;due_process,domain_specialists;engineers;counsel,open_interop;security_baselines,security_privacy_a11y_review,required_for_claimed_services,federated_multi_operator,planned,2,4,6,hidden-in-J-II,CP-PAY,false,
H-TAX-001,Tax rule hooks filing bridges,Interfaces only,horizontal.taxation_fiscal,residents_and_institutions,governments_operators_partners,jurisdictional,integration,integrate,jurisdictional_authority,identity;privacy;security;records,pii;domain_sensitive,service_outage;rights_harm;trust_loss,access;privacy;non_discrimination;due_process,domain_specialists;engineers;counsel,open_interop;security_baselines,security_privacy_a11y_review,required_for_claimed_services,federated_multi_operator,planned,2,4,5,framework-only,CP-PAY/SD-TAX,true,
H-TAX-002,Fiscal transparency publication,Open budgets,horizontal.taxation_fiscal,residents_and_institutions,governments_operators_partners,jurisdictional,shared-core,standards,jurisdictional_authority,identity;privacy;security;records,pii;domain_sensitive,service_outage;rights_harm;trust_loss,access;privacy;non_discrimination;due_process,domain_specialists;engineers;counsel,open_interop;security_baselines,security_privacy_a11y_review,required_for_claimed_services,federated_multi_operator,planned,2,4,5,framework-only,CP-PAY/SD-TAX,false,
H-ORG-001,Organization registry overlay,Org discovery,horizontal.org_authority_registries,residents_and_institutions,governments_operators_partners,jurisdictional,shared-core,reference,jurisdictional_authority,identity;privacy;security;records,pii;domain_sensitive,service_outage;rights_harm;trust_loss,access;privacy;non_discrimination;due_process,domain_specialists;engineers;counsel,open_interop;security_baselines,security_privacy_a11y_review,required_for_claimed_services,federated_multi_operator,planned,3,5,7,partial,GC-CP,false,
H-ORG-002,Authority role attestation service,Attest/revoke,horizontal.org_authority_registries,residents_and_institutions,governments_operators_partners,jurisdictional,shared-core,reference,jurisdictional_authority,identity;privacy;security;records,pii;domain_sensitive,service_outage;rights_harm;trust_loss,access;privacy;non_discrimination;due_process,domain_specialists;engineers;counsel,open_interop;security_baselines,security_privacy_a11y_review,required_for_claimed_services,federated_multi_operator,planned,3,5,7,partial,GC-CP,false,
H-ORG-003,Official company-register bridge,Company registers,horizontal.org_authority_registries,residents_and_institutions,governments_operators_partners,jurisdictional,integration,integrate,jurisdictional_authority,identity;privacy;security;records,pii;domain_sensitive,service_outage;rights_harm;trust_loss,access;privacy;non_discrimination;due_process,domain_specialists;engineers;counsel,open_interop;security_baselines,security_privacy_a11y_review,required_for_claimed_services,federated_multi_operator,planned,2,4,6,hidden-in-J-II,GC-CP,false,
H-ORG-004,Agency directory federation,Agency directories,horizontal.org_authority_registries,residents_and_institutions,governments_operators_partners,jurisdictional,shared-core,federate,jurisdictional_authority,identity;privacy;security;records,pii;domain_sensitive,service_outage;rights_harm;trust_loss,access;privacy;non_discrimination;due_process,domain_specialists;engineers;counsel,open_interop;security_baselines,security_privacy_a11y_review,required_for_claimed_services,federated_multi_operator,planned,2,4,6,framework-only,GC-CP,false,
H-AUD-001,Append-only audit event bus,Audit events,horizontal.audit_fraud_appeals,residents_and_institutions,governments_operators_partners,jurisdictional,shared-core,operate,jurisdictional_authority,identity;privacy;security;records,pii;domain_sensitive,service_outage;rights_harm;trust_loss,access;privacy;non_discrimination;due_process,domain_specialists;engineers;counsel,open_interop;security_baselines,security_privacy_a11y_review,required_for_claimed_services,federated_multi_operator,planned,4,6,7,partial,CP-AUD,false,
H-AUD-002,Fraud detection workbench,Investigations,horizontal.audit_fraud_appeals,residents_and_institutions,governments_operators_partners,jurisdictional,shared-core,reference,jurisdictional_authority,identity;privacy;security;records,pii;domain_sensitive,service_outage;rights_harm;trust_loss,access;privacy;non_discrimination;due_process,domain_specialists;engineers;counsel,open_interop;security_baselines,security_privacy_a11y_review,required_for_claimed_services,federated_multi_operator,planned,2,4,5,framework-only,CP-AUD,false,
H-AUD-003,Appeals remediation case system,Appeals,horizontal.audit_fraud_appeals,residents_and_institutions,governments_operators_partners,jurisdictional,shared-core,reference,jurisdictional_authority,identity;privacy;security;records,pii;domain_sensitive,service_outage;rights_harm;trust_loss,access;privacy;non_discrimination;due_process,domain_specialists;engineers;counsel,open_interop;security_baselines,security_privacy_a11y_review,required_for_claimed_services,federated_multi_operator,planned,3,5,6,partial,CP-AUD,false,
H-AUD-004,Investigation evidence chain,Chain of custody,horizontal.audit_fraud_appeals,residents_and_institutions,governments_operators_partners,jurisdictional,shared-core,standards,jurisdictional_authority,identity;privacy;security;records,pii;domain_sensitive,service_outage;rights_harm;trust_loss,access;privacy;non_discrimination;due_process,domain_specialists;engineers;counsel,open_interop;security_baselines,security_privacy_a11y_review,required_for_claimed_services,federated_multi_operator,planned,2,4,5,framework-only,CP-AUD,false,
H-AI-001,Model inventory evaluation registry,Model tracking,horizontal.ai_governance,residents_and_institutions,governments_operators_partners,jurisdictional,shared-core,operate,jurisdictional_authority,identity;privacy;security;records,pii;domain_sensitive,service_outage;rights_harm;trust_loss,access;privacy;non_discrimination;due_process,domain_specialists;engineers;counsel,open_interop;security_baselines,security_privacy_a11y_review,required_for_claimed_services,federated_multi_operator,planned,3,5,6,partial,SA-AS,false,
H-AI-002,Human-in-the-loop gate service,Human review gates,horizontal.ai_governance,residents_and_institutions,governments_operators_partners,jurisdictional,shared-core,operate,jurisdictional_authority,identity;privacy;security;records,pii;domain_sensitive,service_outage;rights_harm;trust_loss,access;privacy;non_discrimination;due_process,domain_specialists;engineers;counsel,open_interop;security_baselines,security_privacy_a11y_review,required_for_claimed_services,federated_multi_operator,planned,3,5,6,partial,SA-AS,false,
H-AI-003,AI incident reporting system,AI harms,horizontal.ai_governance,residents_and_institutions,governments_operators_partners,jurisdictional,shared-core,operate,jurisdictional_authority,identity;privacy;security;records,pii;domain_sensitive,service_outage;rights_harm;trust_loss,access;privacy;non_discrimination;due_process,domain_specialists;engineers;counsel,open_interop;security_baselines,security_privacy_a11y_review,required_for_claimed_services,federated_multi_operator,planned,2,4,5,framework-only,SA-AS,false,
H-AI-004,Prompt data leakage controls,Leakage controls,horizontal.ai_governance,residents_and_institutions,governments_operators_partners,jurisdictional,shared-core,operate,jurisdictional_authority,identity;privacy;security;records,pii;domain_sensitive,service_outage;rights_harm;trust_loss,access;privacy;non_discrimination;due_process,domain_specialists;engineers;counsel,open_interop;security_baselines,security_privacy_a11y_review,required_for_claimed_services,federated_multi_operator,planned,3,5,6,partial,SA-AS,false,
H-SEC-001,Secure SDLC supply-chain pipeline,Build provenance,horizontal.security_resilience,residents_and_institutions,governments_operators_partners,jurisdictional,shared-core,operate,jurisdictional_authority,identity;privacy;security;records,pii;domain_sensitive,service_outage;rights_harm;trust_loss,access;privacy;non_discrimination;due_process,domain_specialists;engineers;counsel,open_interop;security_baselines,security_privacy_a11y_review,required_for_claimed_services,federated_multi_operator,planned,4,6,7,partial,SA-AS/OE-OP,false,
H-SEC-002,SOC monitoring federation,Monitoring,horizontal.security_resilience,residents_and_institutions,governments_operators_partners,jurisdictional,shared-core,multi-impl,jurisdictional_authority,identity;privacy;security;records,pii;domain_sensitive,service_outage;rights_harm;trust_loss,access;privacy;non_discrimination;due_process,domain_specialists;engineers;counsel,open_interop;security_baselines,security_privacy_a11y_review,required_for_claimed_services,federated_multi_operator,planned,3,5,7,partial,SA-AS/OE-OP,false,
H-SEC-003,Incident response coordination,Cross-operator IR,horizontal.security_resilience,residents_and_institutions,governments_operators_partners,jurisdictional,shared-core,operate,jurisdictional_authority,identity;privacy;security;records,pii;domain_sensitive,service_outage;rights_harm;trust_loss,access;privacy;non_discrimination;due_process,domain_specialists;engineers;counsel,open_interop;security_baselines,security_privacy_a11y_review,required_for_claimed_services,federated_multi_operator,planned,3,5,7,partial,SA-AS/OE-OP,false,
H-SEC-004,Backup DR orchestrator,DR,horizontal.security_resilience,residents_and_institutions,governments_operators_partners,jurisdictional,shared-core,multi-impl,jurisdictional_authority,identity;privacy;security;records,pii;domain_sensitive,service_outage;rights_harm;trust_loss,access;privacy;non_discrimination;due_process,domain_specialists;engineers;counsel,open_interop;security_baselines,security_privacy_a11y_review,required_for_claimed_services,federated_multi_operator,planned,3,5,7,partial,SA-AS/OE-OP,false,
H-SEC-005,Cryptographic migration planner,Algo agility,horizontal.security_resilience,residents_and_institutions,governments_operators_partners,jurisdictional,shared-core,standards,jurisdictional_authority,identity;privacy;security;records,pii;domain_sensitive,service_outage;rights_harm;trust_loss,access;privacy;non_discrimination;due_process,domain_specialists;engineers;counsel,open_interop;security_baselines,security_privacy_a11y_review,required_for_claimed_services,federated_multi_operator,planned,2,4,6,framework-only,SA-AS/OE-OP,false,
H-SEC-006,Pentest resilience exercise mgmt,Recurring tests,horizontal.security_resilience,residents_and_institutions,governments_operators_partners,jurisdictional,shared-core,operate,jurisdictional_authority,identity;privacy;security;records,pii;domain_sensitive,service_outage;rights_harm;trust_loss,access;privacy;non_discrimination;due_process,domain_specialists;engineers;counsel,open_interop;security_baselines,security_privacy_a11y_review,required_for_claimed_services,federated_multi_operator,planned,3,5,6,partial,SA-AS/OE-OP,false,
H-SEC-007,Certificate trust-anchor diversity,Trust diversity,horizontal.security_resilience,residents_and_institutions,governments_operators_partners,jurisdictional,shared-core,federate,jurisdictional_authority,identity;privacy;security;records,pii;domain_sensitive,service_outage;rights_harm;trust_loss,access;privacy;non_discrimination;due_process,domain_specialists;engineers;counsel,open_interop;security_baselines,security_privacy_a11y_review,required_for_claimed_services,federated_multi_operator,planned,3,5,7,partial,SA-AS/OE-OP,false,
H-A11Y-001,Accessibility conformance platform,WCAG tracking,horizontal.accessibility_localization,residents_and_institutions,governments_operators_partners,jurisdictional,shared-core,operate,jurisdictional_authority,identity;privacy;security;records,pii;domain_sensitive,service_outage;rights_harm;trust_loss,access;privacy;non_discrimination;due_process,domain_specialists;engineers;counsel,open_interop;security_baselines,security_privacy_a11y_review,required_for_claimed_services,federated_multi_operator,planned,3,5,7,partial,AL-LOC,false,
H-A11Y-002,Localization translation TMS,Translations,horizontal.accessibility_localization,residents_and_institutions,governments_operators_partners,jurisdictional,shared-core,operate,jurisdictional_authority,identity;privacy;security;records,pii;domain_sensitive,service_outage;rights_harm;trust_loss,access;privacy;non_discrimination;due_process,domain_specialists;engineers;counsel,open_interop;security_baselines,security_privacy_a11y_review,required_for_claimed_services,federated_multi_operator,planned,3,5,7,partial,AL-LOC,false,
H-A11Y-003,Assisted-access case network,Human assistance,horizontal.accessibility_localization,residents_and_institutions,governments_operators_partners,jurisdictional,shared-core,reference,jurisdictional_authority,identity;privacy;security;records,pii;domain_sensitive,service_outage;rights_harm;trust_loss,access;privacy;non_discrimination;due_process,domain_specialists;engineers;counsel,open_interop;security_baselines,security_privacy_a11y_review,required_for_claimed_services,federated_multi_operator,planned,3,5,6,partial,AL-LOC,false,
H-A11Y-004,Low-connectivity offline sync kits,Poor connectivity,horizontal.accessibility_localization,residents_and_institutions,governments_operators_partners,jurisdictional,shared-core,reference,jurisdictional_authority,identity;privacy;security;records,pii;domain_sensitive,service_outage;rights_harm;trust_loss,access;privacy;non_discrimination;due_process,domain_specialists;engineers;counsel,open_interop;security_baselines,security_privacy_a11y_review,required_for_claimed_services,federated_multi_operator,planned,2,4,6,framework-only,AL-LOC,false,
H-API-001,Public API gateway developer portal,Public APIs,horizontal.apis_standards_interop,residents_and_institutions,governments_operators_partners,jurisdictional,shared-core,operate,jurisdictional_authority,identity;privacy;security;records,pii;domain_sensitive,service_outage;rights_harm;trust_loss,access;privacy;non_discrimination;due_process,domain_specialists;engineers;counsel,open_interop;security_baselines,security_privacy_a11y_review,required_for_claimed_services,federated_multi_operator,planned,4,6,7,partial,GC-CP,false,
H-API-002,Conformance test suite,Certify impls,horizontal.apis_standards_interop,residents_and_institutions,governments_operators_partners,jurisdictional,shared-core,operate,jurisdictional_authority,identity;privacy;security;records,pii;domain_sensitive,service_outage;rights_harm;trust_loss,access;privacy;non_discrimination;due_process,domain_specialists;engineers;counsel,open_interop;security_baselines,security_privacy_a11y_review,required_for_claimed_services,federated_multi_operator,planned,3,5,7,partial,GC-CP,false,
H-API-003,App certification registry,Third-party apps,horizontal.apis_standards_interop,residents_and_institutions,governments_operators_partners,jurisdictional,shared-core,operate,jurisdictional_authority,identity;privacy;security;records,pii;domain_sensitive,service_outage;rights_harm;trust_loss,access;privacy;non_discrimination;due_process,domain_specialists;engineers;counsel,open_interop;security_baselines,security_privacy_a11y_review,required_for_claimed_services,federated_multi_operator,planned,2,4,6,framework-only,GC-CP,false,
H-API-004,Event notification bus interop,Events,horizontal.apis_standards_interop,residents_and_institutions,governments_operators_partners,jurisdictional,shared-core,reference,jurisdictional_authority,identity;privacy;security;records,pii;domain_sensitive,service_outage;rights_harm;trust_loss,access;privacy;non_discrimination;due_process,domain_specialists;engineers;counsel,open_interop;security_baselines,security_privacy_a11y_review,required_for_claimed_services,federated_multi_operator,planned,3,5,7,partial,GC-CP,false,
H-OPS-001,Operator certification system,Admit/remove operators,horizontal.deployment_federation_ops,residents_and_institutions,governments_operators_partners,jurisdictional,shared-core,operate,jurisdictional_authority,identity;privacy;security;records,pii;domain_sensitive,service_outage;rights_harm;trust_loss,access;privacy;non_discrimination;due_process,domain_specialists;engineers;counsel,open_interop;security_baselines,security_privacy_a11y_review,required_for_claimed_services,federated_multi_operator,planned,4,6,7,partial,OE-OP/OR-OP,false,
H-OPS-002,Federation directory topology,Discovery,horizontal.deployment_federation_ops,residents_and_institutions,governments_operators_partners,jurisdictional,shared-core,operate,jurisdictional_authority,identity;privacy;security;records,pii;domain_sensitive,service_outage;rights_harm;trust_loss,access;privacy;non_discrimination;due_process,domain_specialists;engineers;counsel,open_interop;security_baselines,security_privacy_a11y_review,required_for_claimed_services,federated_multi_operator,planned,4,6,7,partial,OE-OP/OR-OP,false,
H-OPS-003,Replication consensus protocol stack,Consistency,horizontal.deployment_federation_ops,residents_and_institutions,governments_operators_partners,jurisdictional,shared-core,reference,jurisdictional_authority,identity;privacy;security;records,pii;domain_sensitive,service_outage;rights_harm;trust_loss,access;privacy;non_discrimination;due_process,domain_specialists;engineers;counsel,open_interop;security_baselines,security_privacy_a11y_review,required_for_claimed_services,federated_multi_operator,planned,3,5,7,partial,OE-OP/OR-OP,false,
H-OPS-004,Regional app data plane templates,Regional deploy,horizontal.deployment_federation_ops,residents_and_institutions,governments_operators_partners,jurisdictional,shared-core,reference,jurisdictional_authority,identity;privacy;security;records,pii;domain_sensitive,service_outage;rights_harm;trust_loss,access;privacy;non_discrimination;due_process,domain_specialists;engineers;counsel,open_interop;security_baselines,security_privacy_a11y_review,required_for_claimed_services,federated_multi_operator,planned,3,5,6,partial,OE-OP/OR-OP,false,
H-OPS-005,Update authority diversity protocol,Update trust,horizontal.deployment_federation_ops,residents_and_institutions,governments_operators_partners,jurisdictional,shared-core,federate,jurisdictional_authority,identity;privacy;security;records,pii;domain_sensitive,service_outage;rights_harm;trust_loss,access;privacy;non_discrimination;due_process,domain_specialists;engineers;counsel,open_interop;security_baselines,security_privacy_a11y_review,required_for_claimed_services,federated_multi_operator,planned,3,5,7,partial,OE-OP/OR-OP,false,
H-OPS-006,DNS naming diversity controls,Naming resilience,horizontal.deployment_federation_ops,residents_and_institutions,governments_operators_partners,jurisdictional,shared-core,federate,jurisdictional_authority,identity;privacy;security;records,pii;domain_sensitive,service_outage;rights_harm;trust_loss,access;privacy;non_discrimination;due_process,domain_specialists;engineers;counsel,open_interop;security_baselines,security_privacy_a11y_review,required_for_claimed_services,federated_multi_operator,planned,3,5,6,partial,OE-OP/OR-OP,false,
H-ADOPT-001,Education curriculum platform,Education,horizontal.adoption_education_support,residents_and_institutions,governments_operators_partners,jurisdictional,shared-core,operate,jurisdictional_authority,identity;privacy;security;records,pii;domain_sensitive,service_outage;rights_harm;trust_loss,access;privacy;non_discrimination;due_process,domain_specialists;engineers;counsel,open_interop;security_baselines,security_privacy_a11y_review,required_for_claimed_services,federated_multi_operator,planned,3,5,6,partial,AE-ADS,false,
H-ADOPT-002,Institutional onboarding playbooks,Change mgmt,horizontal.adoption_education_support,residents_and_institutions,governments_operators_partners,jurisdictional,shared-core,reference,jurisdictional_authority,identity;privacy;security;records,pii;domain_sensitive,service_outage;rights_harm;trust_loss,access;privacy;non_discrimination;due_process,domain_specialists;engineers;counsel,open_interop;security_baselines,security_privacy_a11y_review,required_for_claimed_services,federated_multi_operator,planned,3,5,6,partial,AE-ADS,false,
H-ADOPT-003,Support helpdesk platform,Support,horizontal.adoption_education_support,residents_and_institutions,governments_operators_partners,jurisdictional,shared-core,multi-impl,jurisdictional_authority,identity;privacy;security;records,pii;domain_sensitive,service_outage;rights_harm;trust_loss,access;privacy;non_discrimination;due_process,domain_specialists;engineers;counsel,open_interop;security_baselines,security_privacy_a11y_review,required_for_claimed_services,federated_multi_operator,planned,3,5,7,partial,AE-ADS,false,
H-ADOPT-004,Status incident public page,Public status,horizontal.adoption_education_support,residents_and_institutions,governments_operators_partners,jurisdictional,shared-core,operate,jurisdictional_authority,identity;privacy;security;records,pii;domain_sensitive,service_outage;rights_harm;trust_loss,access;privacy;non_discrimination;due_process,domain_specialists;engineers;counsel,open_interop;security_baselines,security_privacy_a11y_review,required_for_claimed_services,federated_multi_operator,planned,4,5,7,partial,AE-ADS,false,
H-RES-001,Research data commons,Sandboxes,horizontal.research_legal_international,residents_and_institutions,governments_operators_partners,jurisdictional,shared-core,operate,jurisdictional_authority,identity;privacy;security;records,pii;domain_sensitive,service_outage;rights_harm;trust_loss,access;privacy;non_discrimination;due_process,domain_specialists;engineers;counsel,open_interop;security_baselines,security_privacy_a11y_review,required_for_claimed_services,federated_multi_operator,planned,3,5,6,partial,GC-RS,false,
H-RES-002,International coordination workspace,Liaison,horizontal.research_legal_international,residents_and_institutions,governments_operators_partners,jurisdictional,shared-core,reference,jurisdictional_authority,identity;privacy;security;records,pii;domain_sensitive,service_outage;rights_harm;trust_loss,access;privacy;non_discrimination;due_process,domain_specialists;engineers;counsel,open_interop;security_baselines,security_privacy_a11y_review,required_for_claimed_services,federated_multi_operator,planned,2,4,5,framework-only,GC-RS,false,
H-RES-003,Legal development knowledge base,Counsel library,horizontal.research_legal_international,residents_and_institutions,governments_operators_partners,jurisdictional,shared-core,operate,jurisdictional_authority,identity;privacy;security;records,pii;domain_sensitive,service_outage;rights_harm;trust_loss,access;privacy;non_discrimination;due_process,domain_specialists;engineers;counsel,open_interop;security_baselines,security_privacy_a11y_review,required_for_claimed_services,federated_multi_operator,planned,3,5,6,partial,GC-RS,false,
H-RES-004,Treaty instrument drafting support,Support real IL subjects,horizontal.research_legal_international,residents_and_institutions,governments_operators_partners,jurisdictional,shared-core,standards,jurisdictional_authority,identity;privacy;security;records,pii;domain_sensitive,service_outage;rights_harm;trust_loss,access;privacy;non_discrimination;due_process,domain_specialists;engineers;counsel,open_interop;security_baselines,security_privacy_a11y_review,required_for_claimed_services,federated_multi_operator,planned,1,3,5,absent,GC-RS,false,
D-HEA-001,Health identity care-consent,Care consent distinct from civic login,domain.health_public_health,residents_and_institutions,governments_operators_partners,jurisdictional,domain-specific,reference,jurisdictional_authority,identity;privacy;security;records,phi,service_outage;rights_harm;trust_loss,access;privacy;non_discrimination;due_process,domain_specialists;engineers;counsel,open_interop;security_baselines,security_privacy_a11y_review,required_for_claimed_services,federated_multi_operator,planned,2,4,6,framework-only,SD-HEA,false,
D-HEA-002,EHR HIE interop layer,Integrate existing EHR/HIE,domain.health_public_health,residents_and_institutions,governments_operators_partners,jurisdictional,integration,integrate,jurisdictional_authority,identity;privacy;security;records,pii;domain_sensitive,service_outage;rights_harm;trust_loss,access;privacy;non_discrimination;due_process,domain_specialists;engineers;counsel,open_interop;security_baselines,security_privacy_a11y_review,required_for_claimed_services,federated_multi_operator,planned,2,4,6,hidden-in-J-II,SD-HEA,false,
D-HEA-003,Clinical terminology service,SNOMED/ICD-class terminologies,domain.health_public_health,residents_and_institutions,governments_operators_partners,jurisdictional,domain-specific,standards,jurisdictional_authority,identity;privacy;security;records,pii;domain_sensitive,service_outage;rights_harm;trust_loss,access;privacy;non_discrimination;due_process,domain_specialists;engineers;counsel,open_interop;security_baselines,security_privacy_a11y_review,required_for_claimed_services,federated_multi_operator,planned,2,4,6,framework-only,SD-HEA,false,
D-HEA-004,Health professional licensing registry,Clinician licenses,domain.health_public_health,residents_and_institutions,governments_operators_partners,jurisdictional,domain-specific,integrate,jurisdictional_authority,identity;privacy;security;records,pii;domain_sensitive,service_outage;rights_harm;trust_loss,access;privacy;non_discrimination;due_process,domain_specialists;engineers;counsel,open_interop;security_baselines,security_privacy_a11y_review,required_for_claimed_services,federated_multi_operator,planned,2,4,6,hidden-in-J-II,SD-HEA,false,
D-HEA-005,Public health notifiable disease system,Lawful surveillance,domain.health_public_health,residents_and_institutions,governments_operators_partners,jurisdictional,domain-specific,integrate,jurisdictional_authority,identity;privacy;security;records,phi,service_outage;rights_harm;trust_loss,access;privacy;non_discrimination;due_process,domain_specialists;engineers;counsel,open_interop;security_baselines,security_privacy_a11y_review,required_for_claimed_services,federated_multi_operator,planned,1,3,5,framework-only,SD-HEA,false,
D-HEA-006,Epidemiology analytics sandbox,Non-authoritative analytics,domain.health_public_health,residents_and_institutions,governments_operators_partners,jurisdictional,domain-specific,reference,jurisdictional_authority,identity;privacy;security;records,pii;domain_sensitive,service_outage;rights_harm;trust_loss,access;privacy;non_discrimination;due_process,domain_specialists;engineers;counsel,open_interop;security_baselines,security_privacy_a11y_review,required_for_claimed_services,federated_multi_operator,planned,2,3,5,framework-only,SD-HEA,false,
D-HEA-007,Medicines formulary registry,Medicines catalogs,domain.health_public_health,residents_and_institutions,governments_operators_partners,jurisdictional,domain-specific,integrate,jurisdictional_authority,identity;privacy;security;records,pii;domain_sensitive,service_outage;rights_harm;trust_loss,access;privacy;non_discrimination;due_process,domain_specialists;engineers;counsel,open_interop;security_baselines,security_privacy_a11y_review,required_for_claimed_services,federated_multi_operator,planned,1,3,5,absent,SD-HEA,false,
D-HEA-008,Health facility registry,Facilities,domain.health_public_health,residents_and_institutions,governments_operators_partners,jurisdictional,domain-specific,integrate,jurisdictional_authority,identity;privacy;security;records,pii;domain_sensitive,service_outage;rights_harm;trust_loss,access;privacy;non_discrimination;due_process,domain_specialists;engineers;counsel,open_interop;security_baselines,security_privacy_a11y_review,required_for_claimed_services,federated_multi_operator,planned,2,4,5,hidden-in-J-II,SD-HEA,false,
D-HEA-009,Emergency break-glass access,Emergency access with audit,domain.health_public_health,residents_and_institutions,governments_operators_partners,jurisdictional,domain-specific,reference,jurisdictional_authority,identity;privacy;security;records,pii;domain_sensitive,service_outage;rights_harm;trust_loss,access;privacy;non_discrimination;due_process,domain_specialists;engineers;counsel,open_interop;security_baselines,security_privacy_a11y_review,required_for_claimed_services,federated_multi_operator,planned,2,4,6,framework-only,SD-HEA,false,
D-HEA-010,Claims health financing bridge,Claims/insurance,domain.health_public_health,residents_and_institutions,governments_operators_partners,jurisdictional,integration,integrate,jurisdictional_authority,identity;privacy;security;records,pii;domain_sensitive,service_outage;rights_harm;trust_loss,access;privacy;non_discrimination;due_process,domain_specialists;engineers;counsel,open_interop;security_baselines,security_privacy_a11y_review,required_for_claimed_services,federated_multi_operator,planned,1,3,5,absent,SD-HEA,false,
D-HEA-011,Patient safety adverse event reporting,Safety reporting,domain.health_public_health,residents_and_institutions,governments_operators_partners,jurisdictional,domain-specific,standards,jurisdictional_authority,identity;privacy;security;records,pii;domain_sensitive,service_outage;rights_harm;trust_loss,access;privacy;non_discrimination;due_process,domain_specialists;engineers;counsel,open_interop;security_baselines,security_privacy_a11y_review,required_for_claimed_services,federated_multi_operator,planned,1,3,5,framework-only,SD-HEA,false,
D-HEA-012,Lab imaging order result bridge,Diagnostics,domain.health_public_health,residents_and_institutions,governments_operators_partners,jurisdictional,integration,integrate,jurisdictional_authority,identity;privacy;security;records,pii;domain_sensitive,service_outage;rights_harm;trust_loss,access;privacy;non_discrimination;due_process,domain_specialists;engineers;counsel,open_interop;security_baselines,security_privacy_a11y_review,required_for_claimed_services,federated_multi_operator,planned,1,3,5,hidden-in-J-II,SD-HEA,false,
D-HEA-013,Telehealth session integrity,Telehealth patterns,domain.health_public_health,residents_and_institutions,governments_operators_partners,jurisdictional,domain-specific,standards,jurisdictional_authority,identity;privacy;security;records,pii;domain_sensitive,service_outage;rights_harm;trust_loss,access;privacy;non_discrimination;due_process,domain_specialists;engineers;counsel,open_interop;security_baselines,security_privacy_a11y_review,required_for_claimed_services,federated_multi_operator,planned,2,4,5,framework-only,SD-HEA,false,
D-HEA-014,Mental health specialized consent,Heightened protections,domain.health_public_health,residents_and_institutions,governments_operators_partners,jurisdictional,domain-specific,reference,jurisdictional_authority,identity;privacy;security;records,phi_special,service_outage;rights_harm;trust_loss,access;privacy;non_discrimination;due_process,domain_specialists;engineers;counsel,open_interop;security_baselines,security_privacy_a11y_review,required_for_claimed_services,federated_multi_operator,planned,1,3,5,absent,SD-HEA,false,
D-HEA-015,Vaccination registry bridge,Immunization,domain.health_public_health,residents_and_institutions,governments_operators_partners,jurisdictional,integration,integrate,jurisdictional_authority,identity;privacy;security;records,pii;domain_sensitive,service_outage;rights_harm;trust_loss,access;privacy;non_discrimination;due_process,domain_specialists;engineers;counsel,open_interop;security_baselines,security_privacy_a11y_review,required_for_claimed_services,federated_multi_operator,planned,2,4,5,hidden-in-J-II,SD-HEA,false,
D-HEA-016,Pharmacy dispensing interop,Pharmacy,domain.health_public_health,residents_and_institutions,governments_operators_partners,jurisdictional,integration,integrate,jurisdictional_authority,identity;privacy;security;records,pii;domain_sensitive,service_outage;rights_harm;trust_loss,access;privacy;non_discrimination;due_process,domain_specialists;engineers;counsel,open_interop;security_baselines,security_privacy_a11y_review,required_for_claimed_services,federated_multi_operator,planned,1,3,5,absent,SD-HEA,false,
D-HEA-017,Blood organ donation registry bridge,Donation registries,domain.health_public_health,residents_and_institutions,governments_operators_partners,jurisdictional,integration,integrate,jurisdictional_authority,identity;privacy;security;records,pii;domain_sensitive,service_outage;rights_harm;trust_loss,access;privacy;non_discrimination;due_process,domain_specialists;engineers;counsel,open_interop;security_baselines,security_privacy_a11y_review,required_for_claimed_services,federated_multi_operator,planned,1,3,4,absent,SD-HEA,false,
D-HEA-018,Maternal child health program cases,MCH programs,domain.health_public_health,residents_and_institutions,governments_operators_partners,jurisdictional,domain-specific,reference,jurisdictional_authority,identity;privacy;security;records,pii;domain_sensitive,service_outage;rights_harm;trust_loss,access;privacy;non_discrimination;due_process,domain_specialists;engineers;counsel,open_interop;security_baselines,security_privacy_a11y_review,required_for_claimed_services,federated_multi_operator,planned,2,4,5,framework-only,SD-HEA,false,
D-ECO-001,Enterprise business registry,Enterprises,domain.economy_commerce_labor,residents_and_institutions,governments_operators_partners,jurisdictional,domain-specific,integrate,jurisdictional_authority,identity;privacy;security;records,pii;domain_sensitive,service_outage;rights_harm;trust_loss,access;privacy;non_discrimination;due_process,domain_specialists;engineers;counsel,open_interop;security_baselines,security_privacy_a11y_review,required_for_claimed_services,federated_multi_operator,planned,3,5,7,partial,SD-ECO,false,
D-ECO-002,Employment relationship registry,Employment links,domain.economy_commerce_labor,residents_and_institutions,governments_operators_partners,jurisdictional,domain-specific,reference,jurisdictional_authority,identity;privacy;security;records,pii;domain_sensitive,service_outage;rights_harm;trust_loss,access;privacy;non_discrimination;due_process,domain_specialists;engineers;counsel,open_interop;security_baselines,security_privacy_a11y_review,required_for_claimed_services,federated_multi_operator,planned,2,4,6,framework-only,SD-ECO,false,
D-ECO-003,Labor rights complaint system,Labor complaints,domain.economy_commerce_labor,residents_and_institutions,governments_operators_partners,jurisdictional,domain-specific,reference,jurisdictional_authority,identity;privacy;security;records,pii;domain_sensitive,service_outage;rights_harm;trust_loss,access;privacy;non_discrimination;due_process,domain_specialists;engineers;counsel,open_interop;security_baselines,security_privacy_a11y_review,required_for_claimed_services,federated_multi_operator,planned,2,4,5,framework-only,SD-ECO,false,
D-ECO-004,Payroll benefits interface,Payroll bridges,domain.economy_commerce_labor,residents_and_institutions,governments_operators_partners,jurisdictional,integration,integrate,jurisdictional_authority,identity;privacy;security;records,pii;domain_sensitive,service_outage;rights_harm;trust_loss,access;privacy;non_discrimination;due_process,domain_specialists;engineers;counsel,open_interop;security_baselines,security_privacy_a11y_review,required_for_claimed_services,federated_multi_operator,planned,2,4,5,hidden-in-J-II,SD-ECO,false,
D-ECO-005,Commercial contract registry,Contracts,domain.economy_commerce_labor,residents_and_institutions,governments_operators_partners,jurisdictional,domain-specific,reference,jurisdictional_authority,identity;privacy;security;records,pii;domain_sensitive,service_outage;rights_harm;trust_loss,access;privacy;non_discrimination;due_process,domain_specialists;engineers;counsel,open_interop;security_baselines,security_privacy_a11y_review,required_for_claimed_services,federated_multi_operator,planned,2,4,5,framework-only,SD-ECO,false,
D-ECO-006,Procurement marketplace,Procurement,domain.economy_commerce_labor,residents_and_institutions,governments_operators_partners,jurisdictional,domain-specific,multi-impl,jurisdictional_authority,identity;privacy;security;records,pii;domain_sensitive,service_outage;rights_harm;trust_loss,access;privacy;non_discrimination;due_process,domain_specialists;engineers;counsel,open_interop;security_baselines,security_privacy_a11y_review,required_for_claimed_services,federated_multi_operator,planned,2,4,6,framework-only,SD-ECO,false,
D-ECO-007,Insolvency restructuring cases,Insolvency,domain.economy_commerce_labor,residents_and_institutions,governments_operators_partners,jurisdictional,domain-specific,integrate,jurisdictional_authority,identity;privacy;security;records,pii;domain_sensitive,service_outage;rights_harm;trust_loss,access;privacy;non_discrimination;due_process,domain_specialists;engineers;counsel,open_interop;security_baselines,security_privacy_a11y_review,required_for_claimed_services,federated_multi_operator,planned,1,3,5,absent,SD-ECO,false,
D-ECO-008,Competition antitrust docket,Competition,domain.economy_commerce_labor,residents_and_institutions,governments_operators_partners,jurisdictional,domain-specific,leave-to-J,jurisdictional_authority,identity;privacy;security;records,pii;domain_sensitive,service_outage;rights_harm;trust_loss,access;privacy;non_discrimination;due_process,domain_specialists;engineers;counsel,open_interop;security_baselines,security_privacy_a11y_review,required_for_claimed_services,federated_multi_operator,planned,1,3,4,absent,SD-ECO,true,
D-ECO-009,Trade documentation interop,Trade docs,domain.economy_commerce_labor,residents_and_institutions,governments_operators_partners,jurisdictional,integration,standards,jurisdictional_authority,identity;privacy;security;records,pii;domain_sensitive,service_outage;rights_harm;trust_loss,access;privacy;non_discrimination;due_process,domain_specialists;engineers;counsel,open_interop;security_baselines,security_privacy_a11y_review,required_for_claimed_services,federated_multi_operator,planned,1,3,5,framework-only,SD-ECO,false,
D-ECO-010,Market integrity surveillance toolkit,Market abuse patterns,domain.economy_commerce_labor,residents_and_institutions,governments_operators_partners,jurisdictional,domain-specific,standards,jurisdictional_authority,identity;privacy;security;records,pii;domain_sensitive,service_outage;rights_harm;trust_loss,access;privacy;non_discrimination;due_process,domain_specialists;engineers;counsel,open_interop;security_baselines,security_privacy_a11y_review,required_for_claimed_services,federated_multi_operator,planned,1,3,5,absent,SD-ECO,false,
D-ECO-011,Gig work classification aid,Classification aid,domain.economy_commerce_labor,residents_and_institutions,governments_operators_partners,jurisdictional,domain-specific,standards,jurisdictional_authority,identity;privacy;security;records,pii;domain_sensitive,service_outage;rights_harm;trust_loss,access;privacy;non_discrimination;due_process,domain_specialists;engineers;counsel,open_interop;security_baselines,security_privacy_a11y_review,required_for_claimed_services,federated_multi_operator,planned,2,3,5,framework-only,SD-ECO,false,
D-ECO-012,Cooperative social-enterprise registry,Coops,domain.economy_commerce_labor,residents_and_institutions,governments_operators_partners,jurisdictional,domain-specific,reference,jurisdictional_authority,identity;privacy;security;records,pii;domain_sensitive,service_outage;rights_harm;trust_loss,access;privacy;non_discrimination;due_process,domain_specialists;engineers;counsel,open_interop;security_baselines,security_privacy_a11y_review,required_for_claimed_services,federated_multi_operator,planned,2,4,5,framework-only,SD-ECO,false,
D-ECO-013,Informal economy inclusion toolkit,Inclusion,domain.economy_commerce_labor,residents_and_institutions,governments_operators_partners,jurisdictional,domain-specific,standards,jurisdictional_authority,identity;privacy;security;records,pii;domain_sensitive,service_outage;rights_harm;trust_loss,access;privacy;non_discrimination;due_process,domain_specialists;engineers;counsel,open_interop;security_baselines,security_privacy_a11y_review,required_for_claimed_services,federated_multi_operator,planned,2,4,5,framework-only,SD-ECO,false,
D-ECO-014,Consumer-facing marketplace integrity,Market integrity for commerce,domain.economy_commerce_labor,residents_and_institutions,governments_operators_partners,jurisdictional,domain-specific,reference,jurisdictional_authority,identity;privacy;security;records,pii;domain_sensitive,service_outage;rights_harm;trust_loss,access;privacy;non_discrimination;due_process,domain_specialists;engineers;counsel,open_interop;security_baselines,security_privacy_a11y_review,required_for_claimed_services,federated_multi_operator,planned,2,4,5,framework-only,SD-ECO,false,
D-FIN-001,Open-banking account verification bridge,Account verify,domain.finance_banking_payments_monetary,residents_and_institutions,governments_operators_partners,jurisdictional,integration,integrate,jurisdictional_authority,identity;privacy;security;records,pii;domain_sensitive,service_outage;rights_harm;trust_loss,access;privacy;non_discrimination;due_process,domain_specialists;engineers;counsel,open_interop;security_baselines,security_privacy_a11y_review,required_for_claimed_services,federated_multi_operator,planned,2,4,6,partial,SD-FIN,false,
D-FIN-002,Instant payment rail adapters,Payment rails,domain.finance_banking_payments_monetary,residents_and_institutions,governments_operators_partners,jurisdictional,integration,integrate,jurisdictional_authority,identity;privacy;security;records,pii;domain_sensitive,service_outage;rights_harm;trust_loss,access;privacy;non_discrimination;due_process,domain_specialists;engineers;counsel,open_interop;security_baselines,security_privacy_a11y_review,required_for_claimed_services,federated_multi_operator,planned,2,4,6,partial,SD-FIN,false,
D-FIN-003,Merchant acquiring compliance kit,Merchant compliance,domain.finance_banking_payments_monetary,residents_and_institutions,governments_operators_partners,jurisdictional,domain-specific,standards,jurisdictional_authority,identity;privacy;security;records,pii;domain_sensitive,service_outage;rights_harm;trust_loss,access;privacy;non_discrimination;due_process,domain_specialists;engineers;counsel,open_interop;security_baselines,security_privacy_a11y_review,required_for_claimed_services,federated_multi_operator,planned,2,3,5,framework-only,SD-FIN,false,
D-FIN-004,AML CFT institutional workflow,Regulated AML,domain.finance_banking_payments_monetary,residents_and_institutions,governments_operators_partners,jurisdictional,domain-specific,leave-to-J,jurisdictional_authority,identity;privacy;security;records,pii;domain_sensitive,service_outage;rights_harm;trust_loss,access;privacy;non_discrimination;due_process,domain_specialists;engineers;counsel,open_interop;security_baselines,security_privacy_a11y_review,required_for_claimed_services,federated_multi_operator,planned,1,3,5,framework-only,SD-FIN,true,
D-FIN-005,Monetary institution interfaces,No Civizen currency issuance,domain.finance_banking_payments_monetary,residents_and_institutions,governments_operators_partners,jurisdictional,integration,prohibit-global-central,jurisdictional_authority,identity;privacy;security;records,pii;domain_sensitive,service_outage;rights_harm;trust_loss,access;privacy;non_discrimination;due_process,domain_specialists;engineers;counsel,open_interop;security_baselines,security_privacy_a11y_review,required_for_claimed_services,federated_multi_operator,planned,0,2,3,absent,SD-FIN,true,
D-FIN-006,Capital markets reporting bridge,Markets,domain.finance_banking_payments_monetary,residents_and_institutions,governments_operators_partners,jurisdictional,integration,leave-to-J,jurisdictional_authority,identity;privacy;security;records,pii;domain_sensitive,service_outage;rights_harm;trust_loss,access;privacy;non_discrimination;due_process,domain_specialists;engineers;counsel,open_interop;security_baselines,security_privacy_a11y_review,required_for_claimed_services,federated_multi_operator,planned,0,2,4,absent,SD-FIN,true,
D-FIN-007,Insurance policy registry bridge,Insurance,domain.finance_banking_payments_monetary,residents_and_institutions,governments_operators_partners,jurisdictional,integration,integrate,jurisdictional_authority,identity;privacy;security;records,pii;domain_sensitive,service_outage;rights_harm;trust_loss,access;privacy;non_discrimination;due_process,domain_specialists;engineers;counsel,open_interop;security_baselines,security_privacy_a11y_review,required_for_claimed_services,federated_multi_operator,planned,1,3,5,absent,SD-FIN,false,
D-FIN-008,Remittance corridor toolkit,Remittances,domain.finance_banking_payments_monetary,residents_and_institutions,governments_operators_partners,jurisdictional,domain-specific,standards,jurisdictional_authority,identity;privacy;security;records,pii;domain_sensitive,service_outage;rights_harm;trust_loss,access;privacy;non_discrimination;due_process,domain_specialists;engineers;counsel,open_interop;security_baselines,security_privacy_a11y_review,required_for_claimed_services,federated_multi_operator,planned,1,3,5,framework-only,SD-FIN,false,
D-FIN-009,Credit reporting consent bridge,Credit,domain.finance_banking_payments_monetary,residents_and_institutions,governments_operators_partners,jurisdictional,integration,integrate,jurisdictional_authority,identity;privacy;security;records,pii;domain_sensitive,service_outage;rights_harm;trust_loss,access;privacy;non_discrimination;due_process,domain_specialists;engineers;counsel,open_interop;security_baselines,security_privacy_a11y_review,required_for_claimed_services,federated_multi_operator,planned,1,3,4,absent,SD-FIN,false,
D-FIN-010,Digital asset path (disabled),Remain disabled until decided,domain.finance_banking_payments_monetary,residents_and_institutions,governments_operators_partners,jurisdictional,domain-specific,prohibit-global-central,jurisdictional_authority,identity;privacy;security;records,pii;domain_sensitive,service_outage;rights_harm;trust_loss,access;privacy;non_discrimination;due_process,domain_specialists;engineers;counsel,open_interop;security_baselines,security_privacy_a11y_review,required_for_claimed_services,federated_multi_operator,planned,0,1,2,absent,SD-FIN,true,
D-TAX-001,Taxpayer account bridge,Tax IDs,domain.taxation_fiscal,residents_and_institutions,governments_operators_partners,jurisdictional,integration,integrate,jurisdictional_authority,identity;privacy;security;records,pii;domain_sensitive,service_outage;rights_harm;trust_loss,access;privacy;non_discrimination;due_process,domain_specialists;engineers;counsel,open_interop;security_baselines,security_privacy_a11y_review,required_for_claimed_services,federated_multi_operator,planned,2,4,5,framework-only,SD-TAX,false,
D-TAX-002,Return filing gateway,Filing,domain.taxation_fiscal,residents_and_institutions,governments_operators_partners,jurisdictional,integration,integrate,jurisdictional_authority,identity;privacy;security;records,pii;domain_sensitive,service_outage;rights_harm;trust_loss,access;privacy;non_discrimination;due_process,domain_specialists;engineers;counsel,open_interop;security_baselines,security_privacy_a11y_review,required_for_claimed_services,federated_multi_operator,planned,1,3,5,hidden-in-J-II,SD-TAX,false,
D-TAX-003,Withholding remittance reporting,Withholding,domain.taxation_fiscal,residents_and_institutions,governments_operators_partners,jurisdictional,integration,integrate,jurisdictional_authority,identity;privacy;security;records,pii;domain_sensitive,service_outage;rights_harm;trust_loss,access;privacy;non_discrimination;due_process,domain_specialists;engineers;counsel,open_interop;security_baselines,security_privacy_a11y_review,required_for_claimed_services,federated_multi_operator,planned,1,3,5,absent,SD-TAX,false,
D-TAX-004,Public budget publication system,Budgets,domain.taxation_fiscal,residents_and_institutions,governments_operators_partners,jurisdictional,domain-specific,reference,jurisdictional_authority,identity;privacy;security;records,pii;domain_sensitive,service_outage;rights_harm;trust_loss,access;privacy;non_discrimination;due_process,domain_specialists;engineers;counsel,open_interop;security_baselines,security_privacy_a11y_review,required_for_claimed_services,federated_multi_operator,planned,2,4,6,framework-only,SD-TAX,false,
D-TAX-005,Customs duties bridge,Customs,domain.taxation_fiscal,residents_and_institutions,governments_operators_partners,jurisdictional,integration,integrate,jurisdictional_authority,identity;privacy;security;records,pii;domain_sensitive,service_outage;rights_harm;trust_loss,access;privacy;non_discrimination;due_process,domain_specialists;engineers;counsel,open_interop;security_baselines,security_privacy_a11y_review,required_for_claimed_services,federated_multi_operator,planned,1,3,4,absent,SD-TAX,false,
D-TAX-006,Property tax assessment bridge,Property tax,domain.taxation_fiscal,residents_and_institutions,governments_operators_partners,jurisdictional,integration,integrate,jurisdictional_authority,identity;privacy;security;records,pii;domain_sensitive,service_outage;rights_harm;trust_loss,access;privacy;non_discrimination;due_process,domain_specialists;engineers;counsel,open_interop;security_baselines,security_privacy_a11y_review,required_for_claimed_services,federated_multi_operator,planned,1,3,4,absent,SD-TAX,false,
D-EDU-001,Learner credential wallet,Education credentials,domain.education_training_research,residents_and_institutions,governments_operators_partners,jurisdictional,domain-specific,reference,jurisdictional_authority,identity;privacy;security;records,pii;domain_sensitive,service_outage;rights_harm;trust_loss,access;privacy;non_discrimination;due_process,domain_specialists;engineers;counsel,open_interop;security_baselines,security_privacy_a11y_review,required_for_claimed_services,federated_multi_operator,planned,3,5,7,partial,SD-EDU,false,
D-EDU-002,Institution accreditation registry,Schools,domain.education_training_research,residents_and_institutions,governments_operators_partners,jurisdictional,domain-specific,integrate,jurisdictional_authority,identity;privacy;security;records,pii;domain_sensitive,service_outage;rights_harm;trust_loss,access;privacy;non_discrimination;due_process,domain_specialists;engineers;counsel,open_interop;security_baselines,security_privacy_a11y_review,required_for_claimed_services,federated_multi_operator,planned,2,4,6,hidden-in-J-II,SD-EDU,false,
D-EDU-003,Civizen Study learning platform,Learning surfaces,domain.education_training_research,residents_and_institutions,governments_operators_partners,jurisdictional,domain-specific,operate,jurisdictional_authority,identity;privacy;security;records,pii;domain_sensitive,service_outage;rights_harm;trust_loss,access;privacy;non_discrimination;due_process,domain_specialists;engineers;counsel,open_interop;security_baselines,security_privacy_a11y_review,required_for_claimed_services,federated_multi_operator,planned,4,5,6,partial,existing_product,false,
D-EDU-004,Professional qualification verification,Qualifications,domain.education_training_research,residents_and_institutions,governments_operators_partners,jurisdictional,domain-specific,integrate,jurisdictional_authority,identity;privacy;security;records,pii;domain_sensitive,service_outage;rights_harm;trust_loss,access;privacy;non_discrimination;due_process,domain_specialists;engineers;counsel,open_interop;security_baselines,security_privacy_a11y_review,required_for_claimed_services,federated_multi_operator,planned,2,4,6,framework-only,SD-EDU,false,
D-EDU-005,Research grant administration,Research grants,domain.education_training_research,residents_and_institutions,governments_operators_partners,jurisdictional,domain-specific,reference,jurisdictional_authority,identity;privacy;security;records,pii;domain_sensitive,service_outage;rights_harm;trust_loss,access;privacy;non_discrimination;due_process,domain_specialists;engineers;counsel,open_interop;security_baselines,security_privacy_a11y_review,required_for_claimed_services,federated_multi_operator,planned,2,4,5,framework-only,SD-EDU,false,
D-EDU-006,Apprenticeship skills registry,Skills,domain.education_training_research,residents_and_institutions,governments_operators_partners,jurisdictional,domain-specific,reference,jurisdictional_authority,identity;privacy;security;records,pii;domain_sensitive,service_outage;rights_harm;trust_loss,access;privacy;non_discrimination;due_process,domain_specialists;engineers;counsel,open_interop;security_baselines,security_privacy_a11y_review,required_for_claimed_services,federated_multi_operator,planned,2,4,5,framework-only,SD-EDU,false,
D-EDU-007,Student aid intake system,Student aid,domain.education_training_research,residents_and_institutions,governments_operators_partners,jurisdictional,domain-specific,reference,jurisdictional_authority,identity;privacy;security;records,pii;domain_sensitive,service_outage;rights_harm;trust_loss,access;privacy;non_discrimination;due_process,domain_specialists;engineers;counsel,open_interop;security_baselines,security_privacy_a11y_review,required_for_claimed_services,federated_multi_operator,planned,2,4,5,framework-only,SD-EDU,false,
D-SCI-001,Open research repository,Papers/data,domain.science_innovation_knowledge,residents_and_institutions,governments_operators_partners,jurisdictional,domain-specific,multi-impl,jurisdictional_authority,identity;privacy;security;records,pii;domain_sensitive,service_outage;rights_harm;trust_loss,access;privacy;non_discrimination;due_process,domain_specialists;engineers;counsel,open_interop;security_baselines,security_privacy_a11y_review,required_for_claimed_services,federated_multi_operator,planned,2,4,6,framework-only,SD-SCI,false,
D-SCI-002,Research ethics review workflow,IRB/ethics,domain.science_innovation_knowledge,residents_and_institutions,governments_operators_partners,jurisdictional,domain-specific,reference,jurisdictional_authority,identity;privacy;security;records,pii;domain_sensitive,service_outage;rights_harm;trust_loss,access;privacy;non_discrimination;due_process,domain_specialists;engineers;counsel,open_interop;security_baselines,security_privacy_a11y_review,required_for_claimed_services,federated_multi_operator,planned,2,4,5,framework-only,SD-SCI,false,
D-SCI-003,Patent prior-art bridge,IP offices,domain.science_innovation_knowledge,residents_and_institutions,governments_operators_partners,jurisdictional,integration,integrate,jurisdictional_authority,identity;privacy;security;records,pii;domain_sensitive,service_outage;rights_harm;trust_loss,access;privacy;non_discrimination;due_process,domain_specialists;engineers;counsel,open_interop;security_baselines,security_privacy_a11y_review,required_for_claimed_services,federated_multi_operator,planned,1,3,4,absent,SD-SCI,false,
D-SCI-004,Knowledge ontology service,Ontologies,domain.science_innovation_knowledge,residents_and_institutions,governments_operators_partners,jurisdictional,domain-specific,standards,jurisdictional_authority,identity;privacy;security;records,pii;domain_sensitive,service_outage;rights_harm;trust_loss,access;privacy;non_discrimination;due_process,domain_specialists;engineers;counsel,open_interop;security_baselines,security_privacy_a11y_review,required_for_claimed_services,federated_multi_operator,planned,2,4,5,framework-only,SD-SCI,false,
D-SCI-005,Lab safety equipment registry,Lab safety,domain.science_innovation_knowledge,residents_and_institutions,governments_operators_partners,jurisdictional,domain-specific,standards,jurisdictional_authority,identity;privacy;security;records,pii;domain_sensitive,service_outage;rights_harm;trust_loss,access;privacy;non_discrimination;due_process,domain_specialists;engineers;counsel,open_interop;security_baselines,security_privacy_a11y_review,required_for_claimed_services,federated_multi_operator,planned,1,3,4,absent,SD-SCI,false,
D-HOU-001,Land cadastre bridge,Cadastre,domain.housing_land_property_urban,residents_and_institutions,governments_operators_partners,jurisdictional,integration,integrate,jurisdictional_authority,identity;privacy;security;records,pii;domain_sensitive,service_outage;rights_harm;trust_loss,access;privacy;non_discrimination;due_process,domain_specialists;engineers;counsel,open_interop;security_baselines,security_privacy_a11y_review,required_for_claimed_services,federated_multi_operator,planned,2,4,6,hidden-in-J-II,SD-HOU,false,
D-HOU-002,Property title evidence locker,Title evidence,domain.housing_land_property_urban,residents_and_institutions,governments_operators_partners,jurisdictional,domain-specific,integrate,jurisdictional_authority,identity;privacy;security;records,pii;domain_sensitive,service_outage;rights_harm;trust_loss,access;privacy;non_discrimination;due_process,domain_specialists;engineers;counsel,open_interop;security_baselines,security_privacy_a11y_review,required_for_claimed_services,federated_multi_operator,planned,1,3,5,absent,SD-HOU,false,
D-HOU-003,Building permit cases,Permits,domain.housing_land_property_urban,residents_and_institutions,governments_operators_partners,jurisdictional,domain-specific,reference,jurisdictional_authority,identity;privacy;security;records,pii;domain_sensitive,service_outage;rights_harm;trust_loss,access;privacy;non_discrimination;due_process,domain_specialists;engineers;counsel,open_interop;security_baselines,security_privacy_a11y_review,required_for_claimed_services,federated_multi_operator,planned,2,4,5,framework-only,SD-HOU,false,
D-HOU-004,Social housing intake,Housing aid,domain.housing_land_property_urban,residents_and_institutions,governments_operators_partners,jurisdictional,domain-specific,reference,jurisdictional_authority,identity;privacy;security;records,pii;domain_sensitive,service_outage;rights_harm;trust_loss,access;privacy;non_discrimination;due_process,domain_specialists;engineers;counsel,open_interop;security_baselines,security_privacy_a11y_review,required_for_claimed_services,federated_multi_operator,planned,2,4,5,framework-only,SD-HOU,false,
D-HOU-005,Urban planning publication,Zoning pubs,domain.housing_land_property_urban,residents_and_institutions,governments_operators_partners,jurisdictional,domain-specific,standards,jurisdictional_authority,identity;privacy;security;records,pii;domain_sensitive,service_outage;rights_harm;trust_loss,access;privacy;non_discrimination;due_process,domain_specialists;engineers;counsel,open_interop;security_baselines,security_privacy_a11y_review,required_for_claimed_services,federated_multi_operator,planned,1,3,5,framework-only,SD-HOU,false,
D-HOU-006,Homelessness services coordination,Homelessness,domain.housing_land_property_urban,residents_and_institutions,governments_operators_partners,jurisdictional,domain-specific,reference,jurisdictional_authority,identity;privacy;security;records,pii;domain_sensitive,service_outage;rights_harm;trust_loss,access;privacy;non_discrimination;due_process,domain_specialists;engineers;counsel,open_interop;security_baselines,security_privacy_a11y_review,required_for_claimed_services,federated_multi_operator,planned,2,4,5,framework-only,SD-HOU,false,
D-FOO-001,Food safety inspection cases,Inspections,domain.food_agriculture_water_supply,residents_and_institutions,governments_operators_partners,jurisdictional,domain-specific,integrate,jurisdictional_authority,identity;privacy;security;records,pii;domain_sensitive,service_outage;rights_harm;trust_loss,access;privacy;non_discrimination;due_process,domain_specialists;engineers;counsel,open_interop;security_baselines,security_privacy_a11y_review,required_for_claimed_services,federated_multi_operator,planned,1,3,5,framework-only,SD-FOO,false,
D-FOO-002,Agricultural registry bridge,Ag registries,domain.food_agriculture_water_supply,residents_and_institutions,governments_operators_partners,jurisdictional,integration,integrate,jurisdictional_authority,identity;privacy;security;records,pii;domain_sensitive,service_outage;rights_harm;trust_loss,access;privacy;non_discrimination;due_process,domain_specialists;engineers;counsel,open_interop;security_baselines,security_privacy_a11y_review,required_for_claimed_services,federated_multi_operator,planned,1,3,4,absent,SD-FOO,false,
D-FOO-003,Water utility account bridge,Water utilities,domain.food_agriculture_water_supply,residents_and_institutions,governments_operators_partners,jurisdictional,integration,integrate,jurisdictional_authority,identity;privacy;security;records,pii;domain_sensitive,service_outage;rights_harm;trust_loss,access;privacy;non_discrimination;due_process,domain_specialists;engineers;counsel,open_interop;security_baselines,security_privacy_a11y_review,required_for_claimed_services,federated_multi_operator,planned,1,3,5,hidden-in-J-II,SD-FOO,false,
D-FOO-004,Food supply-chain provenance,Traceability,domain.food_agriculture_water_supply,residents_and_institutions,governments_operators_partners,jurisdictional,domain-specific,standards,jurisdictional_authority,identity;privacy;security;records,pii;domain_sensitive,service_outage;rights_harm;trust_loss,access;privacy;non_discrimination;due_process,domain_specialists;engineers;counsel,open_interop;security_baselines,security_privacy_a11y_review,required_for_claimed_services,federated_multi_operator,planned,1,3,5,framework-only,SD-FOO,false,
D-FOO-005,Food-security early warning,Early warning,domain.food_agriculture_water_supply,residents_and_institutions,governments_operators_partners,jurisdictional,domain-specific,reference,jurisdictional_authority,identity;privacy;security;records,pii;domain_sensitive,service_outage;rights_harm;trust_loss,access;privacy;non_discrimination;due_process,domain_specialists;engineers;counsel,open_interop;security_baselines,security_privacy_a11y_review,required_for_claimed_services,federated_multi_operator,planned,1,3,4,absent,SD-FOO,false,
D-ENE-001,Energy utility outage bridge,Energy utilities,domain.energy_natural_resources,residents_and_institutions,governments_operators_partners,jurisdictional,integration,integrate,jurisdictional_authority,identity;privacy;security;records,pii;domain_sensitive,service_outage;rights_harm;trust_loss,access;privacy;non_discrimination;due_process,domain_specialists;engineers;counsel,open_interop;security_baselines,security_privacy_a11y_review,required_for_claimed_services,federated_multi_operator,planned,1,3,5,hidden-in-J-II,SD-ENE,false,
D-ENE-002,DER registry patterns,Distributed energy,domain.energy_natural_resources,residents_and_institutions,governments_operators_partners,jurisdictional,domain-specific,standards,jurisdictional_authority,identity;privacy;security;records,pii;domain_sensitive,service_outage;rights_harm;trust_loss,access;privacy;non_discrimination;due_process,domain_specialists;engineers;counsel,open_interop;security_baselines,security_privacy_a11y_review,required_for_claimed_services,federated_multi_operator,planned,1,3,5,framework-only,SD-ENE,false,
D-ENE-003,Extractive license registry,Extractives,domain.energy_natural_resources,residents_and_institutions,governments_operators_partners,jurisdictional,domain-specific,integrate,jurisdictional_authority,identity;privacy;security;records,pii;domain_sensitive,service_outage;rights_harm;trust_loss,access;privacy;non_discrimination;due_process,domain_specialists;engineers;counsel,open_interop;security_baselines,security_privacy_a11y_review,required_for_claimed_services,federated_multi_operator,planned,1,3,4,absent,SD-ENE,false,
D-ENE-004,Emissions carbon MRV toolkit,MRV,domain.energy_natural_resources,residents_and_institutions,governments_operators_partners,jurisdictional,domain-specific,standards,jurisdictional_authority,identity;privacy;security;records,pii;domain_sensitive,service_outage;rights_harm;trust_loss,access;privacy;non_discrimination;due_process,domain_specialists;engineers;counsel,open_interop;security_baselines,security_privacy_a11y_review,required_for_claimed_services,federated_multi_operator,planned,2,4,5,framework-only,SD-ENE,false,
D-TRA-001,Vehicle licensing bridge,Licensing,domain.transport_mobility_logistics,residents_and_institutions,governments_operators_partners,jurisdictional,integration,integrate,jurisdictional_authority,identity;privacy;security;records,pii;domain_sensitive,service_outage;rights_harm;trust_loss,access;privacy;non_discrimination;due_process,domain_specialists;engineers;counsel,open_interop;security_baselines,security_privacy_a11y_review,required_for_claimed_services,federated_multi_operator,planned,2,4,5,hidden-in-J-II,SD-TRA,false,
D-TRA-002,Public transit account interop,Transit,domain.transport_mobility_logistics,residents_and_institutions,governments_operators_partners,jurisdictional,integration,integrate,jurisdictional_authority,identity;privacy;security;records,pii;domain_sensitive,service_outage;rights_harm;trust_loss,access;privacy;non_discrimination;due_process,domain_specialists;engineers;counsel,open_interop;security_baselines,security_privacy_a11y_review,required_for_claimed_services,federated_multi_operator,planned,2,4,5,framework-only,SD-TRA,false,
D-TRA-003,Freight logistics document interop,Freight docs,domain.transport_mobility_logistics,residents_and_institutions,governments_operators_partners,jurisdictional,domain-specific,standards,jurisdictional_authority,identity;privacy;security;records,pii;domain_sensitive,service_outage;rights_harm;trust_loss,access;privacy;non_discrimination;due_process,domain_specialists;engineers;counsel,open_interop;security_baselines,security_privacy_a11y_review,required_for_claimed_services,federated_multi_operator,planned,1,3,5,framework-only,SD-TRA,false,
D-TRA-004,Paratransit eligibility registry,Disability mobility,domain.transport_mobility_logistics,residents_and_institutions,governments_operators_partners,jurisdictional,domain-specific,reference,jurisdictional_authority,identity;privacy;security;records,pii;domain_sensitive,service_outage;rights_harm;trust_loss,access;privacy;non_discrimination;due_process,domain_specialists;engineers;counsel,open_interop;security_baselines,security_privacy_a11y_review,required_for_claimed_services,federated_multi_operator,planned,2,4,5,framework-only,SD-TRA,false,
D-TRA-005,Road safety incident reporting,Safety,domain.transport_mobility_logistics,residents_and_institutions,governments_operators_partners,jurisdictional,domain-specific,standards,jurisdictional_authority,identity;privacy;security;records,pii;domain_sensitive,service_outage;rights_harm;trust_loss,access;privacy;non_discrimination;due_process,domain_specialists;engineers;counsel,open_interop;security_baselines,security_privacy_a11y_review,required_for_claimed_services,federated_multi_operator,planned,1,3,5,framework-only,SD-TRA,false,
D-COM-001,Telecom SIM registration bridge,Where lawful,domain.communications_digital_infra,residents_and_institutions,governments_operators_partners,jurisdictional,integration,leave-to-J,jurisdictional_authority,identity;privacy;security;records,pii;domain_sensitive,service_outage;rights_harm;trust_loss,access;privacy;non_discrimination;due_process,domain_specialists;engineers;counsel,open_interop;security_baselines,security_privacy_a11y_review,required_for_claimed_services,federated_multi_operator,planned,1,3,4,absent,SD-COM,true,
D-COM-002,Connectivity equity map,Universal service map,domain.communications_digital_infra,residents_and_institutions,governments_operators_partners,jurisdictional,domain-specific,reference,jurisdictional_authority,identity;privacy;security;records,pii;domain_sensitive,service_outage;rights_harm;trust_loss,access;privacy;non_discrimination;due_process,domain_specialists;engineers;counsel,open_interop;security_baselines,security_privacy_a11y_review,required_for_claimed_services,federated_multi_operator,planned,2,4,5,framework-only,SD-COM,false,
D-COM-003,Public broadcasting archive bridge,Archives,domain.communications_digital_infra,residents_and_institutions,governments_operators_partners,jurisdictional,integration,integrate,jurisdictional_authority,identity;privacy;security;records,pii;domain_sensitive,service_outage;rights_harm;trust_loss,access;privacy;non_discrimination;due_process,domain_specialists;engineers;counsel,open_interop;security_baselines,security_privacy_a11y_review,required_for_claimed_services,federated_multi_operator,planned,1,3,4,absent,SD-COM,false,
D-COM-004,Spectrum license publication,Spectrum pubs,domain.communications_digital_infra,residents_and_institutions,governments_operators_partners,jurisdictional,domain-specific,standards,jurisdictional_authority,identity;privacy;security;records,pii;domain_sensitive,service_outage;rights_harm;trust_loss,access;privacy;non_discrimination;due_process,domain_specialists;engineers;counsel,open_interop;security_baselines,security_privacy_a11y_review,required_for_claimed_services,federated_multi_operator,planned,1,3,4,absent,SD-COM,false,
D-ENV-001,Environmental permit cases,Permits,domain.environment_climate_biodiversity_waste,residents_and_institutions,governments_operators_partners,jurisdictional,domain-specific,reference,jurisdictional_authority,identity;privacy;security;records,pii;domain_sensitive,service_outage;rights_harm;trust_loss,access;privacy;non_discrimination;due_process,domain_specialists;engineers;counsel,open_interop;security_baselines,security_privacy_a11y_review,required_for_claimed_services,federated_multi_operator,planned,2,4,5,framework-only,SD-ENV,false,
D-ENV-002,Pollution monitoring exchange,Monitoring data,domain.environment_climate_biodiversity_waste,residents_and_institutions,governments_operators_partners,jurisdictional,domain-specific,standards,jurisdictional_authority,identity;privacy;security;records,pii;domain_sensitive,service_outage;rights_harm;trust_loss,access;privacy;non_discrimination;due_process,domain_specialists;engineers;counsel,open_interop;security_baselines,security_privacy_a11y_review,required_for_claimed_services,federated_multi_operator,planned,2,4,5,framework-only,SD-ENV,false,
D-ENV-003,Protected area registry,Biodiversity areas,domain.environment_climate_biodiversity_waste,residents_and_institutions,governments_operators_partners,jurisdictional,domain-specific,integrate,jurisdictional_authority,identity;privacy;security;records,pii;domain_sensitive,service_outage;rights_harm;trust_loss,access;privacy;non_discrimination;due_process,domain_specialists;engineers;counsel,open_interop;security_baselines,security_privacy_a11y_review,required_for_claimed_services,federated_multi_operator,planned,1,3,5,framework-only,SD-ENV,false,
D-ENV-004,Waste EPR tracking toolkit,Waste/EPR,domain.environment_climate_biodiversity_waste,residents_and_institutions,governments_operators_partners,jurisdictional,domain-specific,standards,jurisdictional_authority,identity;privacy;security;records,pii;domain_sensitive,service_outage;rights_harm;trust_loss,access;privacy;non_discrimination;due_process,domain_specialists;engineers;counsel,open_interop;security_baselines,security_privacy_a11y_review,required_for_claimed_services,federated_multi_operator,planned,1,3,5,framework-only,SD-ENV,false,
D-ENV-005,Climate adaptation project registry,Adaptation,domain.environment_climate_biodiversity_waste,residents_and_institutions,governments_operators_partners,jurisdictional,domain-specific,reference,jurisdictional_authority,identity;privacy;security;records,pii;domain_sensitive,service_outage;rights_harm;trust_loss,access;privacy;non_discrimination;due_process,domain_specialists;engineers;counsel,open_interop;security_baselines,security_privacy_a11y_review,required_for_claimed_services,federated_multi_operator,planned,2,4,5,framework-only,SD-ENV,false,
D-SOC-001,Benefits eligibility intake,Benefits intake,domain.social_protection_disability_aging_family,residents_and_institutions,governments_operators_partners,jurisdictional,domain-specific,reference,jurisdictional_authority,identity;privacy;security;records,pii;domain_sensitive,service_outage;rights_harm;trust_loss,access;privacy;non_discrimination;due_process,domain_specialists;engineers;counsel,open_interop;security_baselines,security_privacy_a11y_review,required_for_claimed_services,federated_multi_operator,planned,3,5,6,partial,SD-SOC,false,
D-SOC-002,Disability accommodations registry,Accommodations,domain.social_protection_disability_aging_family,residents_and_institutions,governments_operators_partners,jurisdictional,domain-specific,reference,jurisdictional_authority,identity;privacy;security;records,pii;domain_sensitive,service_outage;rights_harm;trust_loss,access;privacy;non_discrimination;due_process,domain_specialists;engineers;counsel,open_interop;security_baselines,security_privacy_a11y_review,required_for_claimed_services,federated_multi_operator,planned,2,4,6,framework-only,SD-SOC,false,
D-SOC-003,Child protection cases,Children — J authority,domain.social_protection_disability_aging_family,residents_and_institutions,governments_operators_partners,jurisdictional,domain-specific,leave-to-J,jurisdictional_authority,identity;privacy;security;records,highly_sensitive,service_outage;rights_harm;trust_loss,access;privacy;non_discrimination;due_process,domain_specialists;engineers;counsel,open_interop;security_baselines,security_privacy_a11y_review,required_for_claimed_services,federated_multi_operator,planned,1,3,5,absent,SD-SOC,true,
D-SOC-004,Pension benefits bridge,Pensions,domain.social_protection_disability_aging_family,residents_and_institutions,governments_operators_partners,jurisdictional,integration,integrate,jurisdictional_authority,identity;privacy;security;records,pii;domain_sensitive,service_outage;rights_harm;trust_loss,access;privacy;non_discrimination;due_process,domain_specialists;engineers;counsel,open_interop;security_baselines,security_privacy_a11y_review,required_for_claimed_services,federated_multi_operator,planned,1,3,5,hidden-in-J-II,SD-SOC,false,
D-SOC-005,Caregiver support registry,Caregivers,domain.social_protection_disability_aging_family,residents_and_institutions,governments_operators_partners,jurisdictional,domain-specific,reference,jurisdictional_authority,identity;privacy;security;records,pii;domain_sensitive,service_outage;rights_harm;trust_loss,access;privacy;non_discrimination;due_process,domain_specialists;engineers;counsel,open_interop;security_baselines,security_privacy_a11y_review,required_for_claimed_services,federated_multi_operator,planned,2,4,5,framework-only,SD-SOC,false,
D-SOC-006,Homelessness services coordination,Homelessness,domain.social_protection_disability_aging_family,residents_and_institutions,governments_operators_partners,jurisdictional,domain-specific,reference,jurisdictional_authority,identity;privacy;security;records,pii;domain_sensitive,service_outage;rights_harm;trust_loss,access;privacy;non_discrimination;due_process,domain_specialists;engineers;counsel,open_interop;security_baselines,security_privacy_a11y_review,required_for_claimed_services,federated_multi_operator,planned,2,4,5,framework-only,SD-SOC,false,
D-JUS-001,Police records bridge gated,Lawful J systems only — no global police DB,domain.justice_public_safety_corrections,residents_and_institutions,governments_operators_partners,jurisdictional,integration,prohibit-global-central,jurisdictional_authority,identity;privacy;security;records,criminal,service_outage;rights_harm;trust_loss,access;privacy;non_discrimination;due_process,domain_specialists;engineers;counsel,open_interop;security_baselines,security_privacy_a11y_review,required_for_claimed_services,federated_multi_operator,planned,0,2,3,absent,SD-JUS,true,
D-JUS-002,Court case management bridge,Courts,domain.justice_public_safety_corrections,residents_and_institutions,governments_operators_partners,jurisdictional,integration,integrate,jurisdictional_authority,identity;privacy;security;records,pii;domain_sensitive,service_outage;rights_harm;trust_loss,access;privacy;non_discrimination;due_process,domain_specialists;engineers;counsel,open_interop;security_baselines,security_privacy_a11y_review,required_for_claimed_services,federated_multi_operator,planned,1,3,5,hidden-in-J-II,SD-JUS,false,
D-JUS-003,Legal aid intake system,Access to justice,domain.justice_public_safety_corrections,residents_and_institutions,governments_operators_partners,jurisdictional,domain-specific,reference,jurisdictional_authority,identity;privacy;security;records,pii;domain_sensitive,service_outage;rights_harm;trust_loss,access;privacy;non_discrimination;due_process,domain_specialists;engineers;counsel,open_interop;security_baselines,security_privacy_a11y_review,required_for_claimed_services,federated_multi_operator,planned,2,4,5,framework-only,SD-JUS,false,
D-JUS-004,Corrections probation bridge,Corrections,domain.justice_public_safety_corrections,residents_and_institutions,governments_operators_partners,jurisdictional,integration,leave-to-J,jurisdictional_authority,identity;privacy;security;records,pii;domain_sensitive,service_outage;rights_harm;trust_loss,access;privacy;non_discrimination;due_process,domain_specialists;engineers;counsel,open_interop;security_baselines,security_privacy_a11y_review,required_for_claimed_services,federated_multi_operator,planned,0,2,4,absent,SD-JUS,true,
D-JUS-005,Victim support case system,Victims,domain.justice_public_safety_corrections,residents_and_institutions,governments_operators_partners,jurisdictional,domain-specific,reference,jurisdictional_authority,identity;privacy;security;records,pii;domain_sensitive,service_outage;rights_harm;trust_loss,access;privacy;non_discrimination;due_process,domain_specialists;engineers;counsel,open_interop;security_baselines,security_privacy_a11y_review,required_for_claimed_services,federated_multi_operator,planned,2,4,5,framework-only,SD-JUS,false,
D-JUS-006,Restorative justice toolkit,Restorative processes,domain.justice_public_safety_corrections,residents_and_institutions,governments_operators_partners,jurisdictional,domain-specific,standards,jurisdictional_authority,identity;privacy;security;records,pii;domain_sensitive,service_outage;rights_harm;trust_loss,access;privacy;non_discrimination;due_process,domain_specialists;engineers;counsel,open_interop;security_baselines,security_privacy_a11y_review,required_for_claimed_services,federated_multi_operator,planned,1,3,4,framework-only,SD-JUS,false,
D-JUS-007,Evidence chain for prosecutions,Prosecution evidence — J,domain.justice_public_safety_corrections,residents_and_institutions,governments_operators_partners,jurisdictional,domain-specific,leave-to-J,jurisdictional_authority,identity;privacy;security;records,pii;domain_sensitive,service_outage;rights_harm;trust_loss,access;privacy;non_discrimination;due_process,domain_specialists;engineers;counsel,open_interop;security_baselines,security_privacy_a11y_review,required_for_claimed_services,federated_multi_operator,planned,0,2,4,absent,SD-JUS,true,
D-RGT-001,Discrimination complaint system,Equality complaints,domain.civil_human_rights_equality,residents_and_institutions,governments_operators_partners,jurisdictional,domain-specific,reference,jurisdictional_authority,identity;privacy;security;records,pii;domain_sensitive,service_outage;rights_harm;trust_loss,access;privacy;non_discrimination;due_process,domain_specialists;engineers;counsel,open_interop;security_baselines,security_privacy_a11y_review,required_for_claimed_services,federated_multi_operator,planned,2,4,5,framework-only,SD-RGT,false,
D-RGT-002,Human-rights monitoring indicators,Indicators,domain.civil_human_rights_equality,residents_and_institutions,governments_operators_partners,jurisdictional,domain-specific,standards,jurisdictional_authority,identity;privacy;security;records,pii;domain_sensitive,service_outage;rights_harm;trust_loss,access;privacy;non_discrimination;due_process,domain_specialists;engineers;counsel,open_interop;security_baselines,security_privacy_a11y_review,required_for_claimed_services,federated_multi_operator,planned,2,4,5,framework-only,SD-RGT,false,
D-RGT-003,Whistleblower protected disclosure,Protected disclosures,domain.civil_human_rights_equality,residents_and_institutions,governments_operators_partners,jurisdictional,domain-specific,reference,jurisdictional_authority,identity;privacy;security;records,pii;domain_sensitive,service_outage;rights_harm;trust_loss,access;privacy;non_discrimination;due_process,domain_specialists;engineers;counsel,open_interop;security_baselines,security_privacy_a11y_review,required_for_claimed_services,federated_multi_operator,planned,2,4,5,framework-only,SD-RGT,false,
D-RGT-004,GBV support pathway,GBV support — privacy critical,domain.civil_human_rights_equality,residents_and_institutions,governments_operators_partners,jurisdictional,domain-specific,reference,jurisdictional_authority,identity;privacy;security;records,highly_sensitive,service_outage;rights_harm;trust_loss,access;privacy;non_discrimination;due_process,domain_specialists;engineers;counsel,open_interop;security_baselines,security_privacy_a11y_review,required_for_claimed_services,federated_multi_operator,planned,2,4,5,framework-only,SD-RGT,false,
D-RGT-005,Accessibility rights enforcement docket,A11y rights,domain.civil_human_rights_equality,residents_and_institutions,governments_operators_partners,jurisdictional,domain-specific,reference,jurisdictional_authority,identity;privacy;security;records,pii;domain_sensitive,service_outage;rights_harm;trust_loss,access;privacy;non_discrimination;due_process,domain_specialists;engineers;counsel,open_interop;security_baselines,security_privacy_a11y_review,required_for_claimed_services,federated_multi_operator,planned,2,4,5,framework-only,SD-RGT,false,
D-MIG-001,Residency visa status bridge,Status systems,domain.migration_residency_citizenship_refugees,residents_and_institutions,governments_operators_partners,jurisdictional,integration,integrate,jurisdictional_authority,identity;privacy;security;records,pii;domain_sensitive,service_outage;rights_harm;trust_loss,access;privacy;non_discrimination;due_process,domain_specialists;engineers;counsel,open_interop;security_baselines,security_privacy_a11y_review,required_for_claimed_services,federated_multi_operator,planned,2,4,5,hidden-in-J-II,SD-MIG,false,
D-MIG-002,Refugee asylum case support,Humanitarian support — J authority,domain.migration_residency_citizenship_refugees,residents_and_institutions,governments_operators_partners,jurisdictional,domain-specific,leave-to-J,jurisdictional_authority,identity;privacy;security;records,highly_sensitive,service_outage;rights_harm;trust_loss,access;privacy;non_discrimination;due_process,domain_specialists;engineers;counsel,open_interop;security_baselines,security_privacy_a11y_review,required_for_claimed_services,federated_multi_operator,planned,1,3,5,framework-only,SD-MIG,true,
D-MIG-003,Statelessness documentation aid,Documentation aid,domain.migration_residency_citizenship_refugees,residents_and_institutions,governments_operators_partners,jurisdictional,domain-specific,reference,jurisdictional_authority,identity;privacy;security;records,pii;domain_sensitive,service_outage;rights_harm;trust_loss,access;privacy;non_discrimination;due_process,domain_specialists;engineers;counsel,open_interop;security_baselines,security_privacy_a11y_review,required_for_claimed_services,federated_multi_operator,planned,1,3,5,framework-only,SD-MIG,false,
D-MIG-004,Border processing interface limits,No global border DB,domain.migration_residency_citizenship_refugees,residents_and_institutions,governments_operators_partners,jurisdictional,integration,prohibit-global-central,jurisdictional_authority,identity;privacy;security;records,pii;domain_sensitive,service_outage;rights_harm;trust_loss,access;privacy;non_discrimination;due_process,domain_specialists;engineers;counsel,open_interop;security_baselines,security_privacy_a11y_review,required_for_claimed_services,federated_multi_operator,planned,0,2,3,absent,SD-MIG,true,
D-MIG-005,Diaspora dual-status credential mapping,Careful status mapping,domain.migration_residency_citizenship_refugees,residents_and_institutions,governments_operators_partners,jurisdictional,domain-specific,standards,jurisdictional_authority,identity;privacy;security;records,pii;domain_sensitive,service_outage;rights_harm;trust_loss,access;privacy;non_discrimination;due_process,domain_specialists;engineers;counsel,open_interop;security_baselines,security_privacy_a11y_review,required_for_claimed_services,federated_multi_operator,planned,2,4,5,framework-only,SD-MIG,false,
D-EMR-001,Emergency alert dissemination,Alerts,domain.emergency_disaster_humanitarian,residents_and_institutions,governments_operators_partners,jurisdictional,domain-specific,integrate,jurisdictional_authority,identity;privacy;security;records,pii;domain_sensitive,service_outage;rights_harm;trust_loss,access;privacy;non_discrimination;due_process,domain_specialists;engineers;counsel,open_interop;security_baselines,security_privacy_a11y_review,required_for_claimed_services,federated_multi_operator,planned,3,5,6,partial,SD-EMR,false,
D-EMR-002,Disaster incident command support,ICS support,domain.emergency_disaster_humanitarian,residents_and_institutions,governments_operators_partners,jurisdictional,domain-specific,reference,jurisdictional_authority,identity;privacy;security;records,pii;domain_sensitive,service_outage;rights_harm;trust_loss,access;privacy;non_discrimination;due_process,domain_specialists;engineers;counsel,open_interop;security_baselines,security_privacy_a11y_review,required_for_claimed_services,federated_multi_operator,planned,2,4,5,framework-only,SD-EMR,false,
D-EMR-003,Humanitarian aid beneficiary register,Privacy-preserving aid,domain.emergency_disaster_humanitarian,residents_and_institutions,governments_operators_partners,jurisdictional,domain-specific,reference,jurisdictional_authority,identity;privacy;security;records,pii;domain_sensitive,service_outage;rights_harm;trust_loss,access;privacy;non_discrimination;due_process,domain_specialists;engineers;counsel,open_interop;security_baselines,security_privacy_a11y_review,required_for_claimed_services,federated_multi_operator,planned,2,4,5,framework-only,SD-EMR,false,
D-EMR-004,Shelter evacuation capacity map,Capacity,domain.emergency_disaster_humanitarian,residents_and_institutions,governments_operators_partners,jurisdictional,domain-specific,reference,jurisdictional_authority,identity;privacy;security;records,pii;domain_sensitive,service_outage;rights_harm;trust_loss,access;privacy;non_discrimination;due_process,domain_specialists;engineers;counsel,open_interop;security_baselines,security_privacy_a11y_review,required_for_claimed_services,federated_multi_operator,planned,2,4,5,framework-only,SD-EMR,false,
D-EMR-005,Mutual aid volunteer coordination,Volunteers,domain.emergency_disaster_humanitarian,residents_and_institutions,governments_operators_partners,jurisdictional,domain-specific,reference,jurisdictional_authority,identity;privacy;security;records,pii;domain_sensitive,service_outage;rights_harm;trust_loss,access;privacy;non_discrimination;due_process,domain_specialists;engineers;counsel,open_interop;security_baselines,security_privacy_a11y_review,required_for_claimed_services,federated_multi_operator,planned,2,4,5,framework-only,SD-EMR,false,
D-CUL-001,Heritage monument registry,Heritage,domain.culture_media_language_heritage,residents_and_institutions,governments_operators_partners,jurisdictional,domain-specific,integrate,jurisdictional_authority,identity;privacy;security;records,pii;domain_sensitive,service_outage;rights_harm;trust_loss,access;privacy;non_discrimination;due_process,domain_specialists;engineers;counsel,open_interop;security_baselines,security_privacy_a11y_review,required_for_claimed_services,federated_multi_operator,planned,1,3,5,framework-only,SD-CUL,false,
D-CUL-002,Public media authenticity toolkit,Authenticity labels,domain.culture_media_language_heritage,residents_and_institutions,governments_operators_partners,jurisdictional,domain-specific,standards,jurisdictional_authority,identity;privacy;security;records,pii;domain_sensitive,service_outage;rights_harm;trust_loss,access;privacy;non_discrimination;due_process,domain_specialists;engineers;counsel,open_interop;security_baselines,security_privacy_a11y_review,required_for_claimed_services,federated_multi_operator,planned,2,4,5,framework-only,SD-CUL,false,
D-CUL-003,Language resource repository,Language resources,domain.culture_media_language_heritage,residents_and_institutions,governments_operators_partners,jurisdictional,domain-specific,operate,jurisdictional_authority,identity;privacy;security;records,pii;domain_sensitive,service_outage;rights_harm;trust_loss,access;privacy;non_discrimination;due_process,domain_specialists;engineers;counsel,open_interop;security_baselines,security_privacy_a11y_review,required_for_claimed_services,federated_multi_operator,planned,3,5,6,partial,SD-CUL,false,
D-CUL-004,Community cultural grant admin,Grants,domain.culture_media_language_heritage,residents_and_institutions,governments_operators_partners,jurisdictional,domain-specific,reference,jurisdictional_authority,identity;privacy;security;records,pii;domain_sensitive,service_outage;rights_harm;trust_loss,access;privacy;non_discrimination;due_process,domain_specialists;engineers;counsel,open_interop;security_baselines,security_privacy_a11y_review,required_for_claimed_services,federated_multi_operator,planned,2,4,5,framework-only,SD-CUL,false,
D-IND-001,Business licensing cases,Licenses,domain.industry_business_licensing_regulation,residents_and_institutions,governments_operators_partners,jurisdictional,domain-specific,reference,jurisdictional_authority,identity;privacy;security;records,pii;domain_sensitive,service_outage;rights_harm;trust_loss,access;privacy;non_discrimination;due_process,domain_specialists;engineers;counsel,open_interop;security_baselines,security_privacy_a11y_review,required_for_claimed_services,federated_multi_operator,planned,3,5,6,partial,SD-IND,false,
D-IND-002,Product conformity marks,Conformity,domain.industry_business_licensing_regulation,residents_and_institutions,governments_operators_partners,jurisdictional,domain-specific,standards,jurisdictional_authority,identity;privacy;security;records,pii;domain_sensitive,service_outage;rights_harm;trust_loss,access;privacy;non_discrimination;due_process,domain_specialists;engineers;counsel,open_interop;security_baselines,security_privacy_a11y_review,required_for_claimed_services,federated_multi_operator,planned,2,4,5,framework-only,SD-IND,false,
D-IND-003,Industrial safety inspection cases,Safety,domain.industry_business_licensing_regulation,residents_and_institutions,governments_operators_partners,jurisdictional,domain-specific,integrate,jurisdictional_authority,identity;privacy;security;records,pii;domain_sensitive,service_outage;rights_harm;trust_loss,access;privacy;non_discrimination;due_process,domain_specialists;engineers;counsel,open_interop;security_baselines,security_privacy_a11y_review,required_for_claimed_services,federated_multi_operator,planned,1,3,5,framework-only,SD-IND,false,
D-IND-004,SME formation wizard,SME formation,domain.industry_business_licensing_regulation,residents_and_institutions,governments_operators_partners,jurisdictional,domain-specific,reference,jurisdictional_authority,identity;privacy;security;records,pii;domain_sensitive,service_outage;rights_harm;trust_loss,access;privacy;non_discrimination;due_process,domain_specialists;engineers;counsel,open_interop;security_baselines,security_privacy_a11y_review,required_for_claimed_services,federated_multi_operator,planned,3,5,6,partial,SD-IND,false,
D-CON-001,Consumer complaint system,Complaints,domain.consumer_protection_product_safety,residents_and_institutions,governments_operators_partners,jurisdictional,domain-specific,reference,jurisdictional_authority,identity;privacy;security;records,pii;domain_sensitive,service_outage;rights_harm;trust_loss,access;privacy;non_discrimination;due_process,domain_specialists;engineers;counsel,open_interop;security_baselines,security_privacy_a11y_review,required_for_claimed_services,federated_multi_operator,planned,2,4,6,framework-only,SD-CON,false,
D-CON-002,Product recall registry,Recalls,domain.consumer_protection_product_safety,residents_and_institutions,governments_operators_partners,jurisdictional,domain-specific,integrate,jurisdictional_authority,identity;privacy;security;records,pii;domain_sensitive,service_outage;rights_harm;trust_loss,access;privacy;non_discrimination;due_process,domain_specialists;engineers;counsel,open_interop;security_baselines,security_privacy_a11y_review,required_for_claimed_services,federated_multi_operator,planned,2,4,5,framework-only,SD-CON,false,
D-CON-003,Unfair contract terms analyzer aid,Aid not adjudication,domain.consumer_protection_product_safety,residents_and_institutions,governments_operators_partners,jurisdictional,domain-specific,standards,jurisdictional_authority,identity;privacy;security;records,pii;domain_sensitive,service_outage;rights_harm;trust_loss,access;privacy;non_discrimination;due_process,domain_specialists;engineers;counsel,open_interop;security_baselines,security_privacy_a11y_review,required_for_claimed_services,federated_multi_operator,planned,1,3,4,framework-only,SD-CON,false,
D-DEF-001,Civilian protection monitoring civil,Civil monitoring only,domain.defense_peace_security_conflict,residents_and_institutions,governments_operators_partners,jurisdictional,domain-specific,leave-to-J,jurisdictional_authority,identity;privacy;security;records,pii;domain_sensitive,service_outage;rights_harm;trust_loss,access;privacy;non_discrimination;due_process,domain_specialists;engineers;counsel,open_interop;security_baselines,security_privacy_a11y_review,required_for_claimed_services,federated_multi_operator,planned,0,2,4,absent,SD-DEF,true,
D-DEF-002,Arms trade transparency publication,Where lawful,domain.defense_peace_security_conflict,residents_and_institutions,governments_operators_partners,jurisdictional,domain-specific,standards,jurisdictional_authority,identity;privacy;security;records,pii;domain_sensitive,service_outage;rights_harm;trust_loss,access;privacy;non_discrimination;due_process,domain_specialists;engineers;counsel,open_interop;security_baselines,security_privacy_a11y_review,required_for_claimed_services,federated_multi_operator,planned,0,2,3,absent,SD-DEF,false,
D-DEF-003,Peace process document archive,Archives,domain.defense_peace_security_conflict,residents_and_institutions,governments_operators_partners,jurisdictional,domain-specific,reference,jurisdictional_authority,identity;privacy;security;records,pii;domain_sensitive,service_outage;rights_harm;trust_loss,access;privacy;non_discrimination;due_process,domain_specialists;engineers;counsel,open_interop;security_baselines,security_privacy_a11y_review,required_for_claimed_services,federated_multi_operator,planned,1,3,4,framework-only,SD-DEF,false,
D-DEF-004,Military C2 systems,Never operated by Civizen,domain.defense_peace_security_conflict,residents_and_institutions,governments_operators_partners,jurisdictional,domain-specific,prohibit-global-central,jurisdictional_authority,identity;privacy;security;records,pii;domain_sensitive,service_outage;rights_harm;trust_loss,access;privacy;non_discrimination;due_process,domain_specialists;engineers;counsel,open_interop;security_baselines,security_privacy_a11y_review,required_for_claimed_services,federated_multi_operator,planned,0,0,0,absent,SD-DEF,true,Explicit exclusion
D-INT-001,Diplomatic instrument registry non-authoritative,Support tools,domain.international_relations_treaties,residents_and_institutions,governments_operators_partners,jurisdictional,domain-specific,standards,jurisdictional_authority,identity;privacy;security;records,pii;domain_sensitive,service_outage;rights_harm;trust_loss,access;privacy;non_discrimination;due_process,domain_specialists;engineers;counsel,open_interop;security_baselines,security_privacy_a11y_review,required_for_claimed_services,federated_multi_operator,planned,1,3,4,framework-only,SD-INT,false,
D-INT-002,Mutual recognition catalog,Recognition catalogs,domain.international_relations_treaties,residents_and_institutions,governments_operators_partners,jurisdictional,domain-specific,standards,jurisdictional_authority,identity;privacy;security;records,pii;domain_sensitive,service_outage;rights_harm;trust_loss,access;privacy;non_discrimination;due_process,domain_specialists;engineers;counsel,open_interop;security_baselines,security_privacy_a11y_review,required_for_claimed_services,federated_multi_operator,planned,2,4,6,framework-only,SD-INT,false,
D-INT-003,Sanctions screening interface,Licensed providers,domain.international_relations_treaties,residents_and_institutions,governments_operators_partners,jurisdictional,integration,integrate,jurisdictional_authority,identity;privacy;security;records,pii;domain_sensitive,service_outage;rights_harm;trust_loss,access;privacy;non_discrimination;due_process,domain_specialists;engineers;counsel,open_interop;security_baselines,security_privacy_a11y_review,required_for_claimed_services,federated_multi_operator,planned,1,3,5,framework-only,SD-INT,false,
D-ELE-001,Voter roll bridge,Voter lists remain J,domain.elections_representation_legislation_admin,residents_and_institutions,governments_operators_partners,jurisdictional,integration,integrate,jurisdictional_authority,identity;privacy;security;records,pii;domain_sensitive,service_outage;rights_harm;trust_loss,access;privacy;non_discrimination;due_process,domain_specialists;engineers;counsel,open_interop;security_baselines,security_privacy_a11y_review,required_for_claimed_services,federated_multi_operator,planned,2,4,6,hidden-in-J-II,SD-ELE,true,
D-ELE-002,Candidate party registration aid,Registration aid,domain.elections_representation_legislation_admin,residents_and_institutions,governments_operators_partners,jurisdictional,domain-specific,reference,jurisdictional_authority,identity;privacy;security;records,pii;domain_sensitive,service_outage;rights_harm;trust_loss,access;privacy;non_discrimination;due_process,domain_specialists;engineers;counsel,open_interop;security_baselines,security_privacy_a11y_review,required_for_claimed_services,federated_multi_operator,planned,2,4,5,framework-only,SD-ELE,false,
D-ELE-003,Legislative member workspace,Member tools,domain.elections_representation_legislation_admin,residents_and_institutions,governments_operators_partners,jurisdictional,domain-specific,multi-impl,jurisdictional_authority,identity;privacy;security;records,pii;domain_sensitive,service_outage;rights_harm;trust_loss,access;privacy;non_discrimination;due_process,domain_specialists;engineers;counsel,open_interop;security_baselines,security_privacy_a11y_review,required_for_claimed_services,federated_multi_operator,planned,2,4,5,framework-only,SD-ELE,false,
D-ELE-004,Public admin HR payroll bridge,Public HR,domain.elections_representation_legislation_admin,residents_and_institutions,governments_operators_partners,jurisdictional,integration,integrate,jurisdictional_authority,identity;privacy;security;records,pii;domain_sensitive,service_outage;rights_harm;trust_loss,access;privacy;non_discrimination;due_process,domain_specialists;engineers;counsel,open_interop;security_baselines,security_privacy_a11y_review,required_for_claimed_services,federated_multi_operator,planned,1,3,5,hidden-in-J-II,SD-ELE,false,
D-ELE-005,FOI request system,Freedom of information,domain.elections_representation_legislation_admin,residents_and_institutions,governments_operators_partners,jurisdictional,domain-specific,reference,jurisdictional_authority,identity;privacy;security;records,pii;domain_sensitive,service_outage;rights_harm;trust_loss,access;privacy;non_discrimination;due_process,domain_specialists;engineers;counsel,open_interop;security_baselines,security_privacy_a11y_review,required_for_claimed_services,federated_multi_operator,planned,2,4,6,framework-only,SD-ELE,false,
D-CSO-001,NGO association registry overlay,Associations,domain.community_civil_society_voluntary,residents_and_institutions,governments_operators_partners,jurisdictional,domain-specific,reference,jurisdictional_authority,identity;privacy;security;records,pii;domain_sensitive,service_outage;rights_harm;trust_loss,access;privacy;non_discrimination;due_process,domain_specialists;engineers;counsel,open_interop;security_baselines,security_privacy_a11y_review,required_for_claimed_services,federated_multi_operator,planned,3,5,6,partial,SD-CSO,false,
D-CSO-002,Volunteer matching hours ledger,Volunteers,domain.community_civil_society_voluntary,residents_and_institutions,governments_operators_partners,jurisdictional,domain-specific,operate,jurisdictional_authority,identity;privacy;security;records,pii;domain_sensitive,service_outage;rights_harm;trust_loss,access;privacy;non_discrimination;due_process,domain_specialists;engineers;counsel,open_interop;security_baselines,security_privacy_a11y_review,required_for_claimed_services,federated_multi_operator,planned,3,5,6,partial,existing_contribute,false,
D-CSO-003,Community grant micro-admin,Local grants,domain.community_civil_society_voluntary,residents_and_institutions,governments_operators_partners,jurisdictional,domain-specific,reference,jurisdictional_authority,identity;privacy;security;records,pii;domain_sensitive,service_outage;rights_harm;trust_loss,access;privacy;non_discrimination;due_process,domain_specialists;engineers;counsel,open_interop;security_baselines,security_privacy_a11y_review,required_for_claimed_services,federated_multi_operator,planned,2,4,5,framework-only,SD-CSO,false,
D-CSO-004,Civic assembly organizing toolkit,Assemblies,domain.community_civil_society_voluntary,residents_and_institutions,governments_operators_partners,jurisdictional,domain-specific,reference,jurisdictional_authority,identity;privacy;security;records,pii;domain_sensitive,service_outage;rights_harm;trust_loss,access;privacy;non_discrimination;due_process,domain_specialists;engineers;counsel,open_interop;security_baselines,security_privacy_a11y_review,required_for_claimed_services,federated_multi_operator,planned,2,4,5,framework-only,SD-CSO,false,
D-MEA-001,Official statistics exchange,SDMX-class,domain.measurement_statistics_forecasting_evidence,residents_and_institutions,governments_operators_partners,jurisdictional,integration,standards,jurisdictional_authority,identity;privacy;security;records,pii;domain_sensitive,service_outage;rights_harm;trust_loss,access;privacy;non_discrimination;due_process,domain_specialists;engineers;counsel,open_interop;security_baselines,security_privacy_a11y_review,required_for_claimed_services,federated_multi_operator,planned,2,4,6,framework-only,SD-MEA,false,
D-MEA-002,Open evidence indicator platform,Public indicators,domain.measurement_statistics_forecasting_evidence,residents_and_institutions,governments_operators_partners,jurisdictional,domain-specific,operate,jurisdictional_authority,identity;privacy;security;records,pii;domain_sensitive,service_outage;rights_harm;trust_loss,access;privacy;non_discrimination;due_process,domain_specialists;engineers;counsel,open_interop;security_baselines,security_privacy_a11y_review,required_for_claimed_services,federated_multi_operator,planned,3,5,6,partial,SD-MEA,false,
D-MEA-003,Forecasting scenario sandbox,Non-authoritative,domain.measurement_statistics_forecasting_evidence,residents_and_institutions,governments_operators_partners,jurisdictional,domain-specific,reference,jurisdictional_authority,identity;privacy;security;records,pii;domain_sensitive,service_outage;rights_harm;trust_loss,access;privacy;non_discrimination;due_process,domain_specialists;engineers;counsel,open_interop;security_baselines,security_privacy_a11y_review,required_for_claimed_services,federated_multi_operator,planned,2,4,5,framework-only,SD-MEA,false,
D-MEA-004,Survey census operations bridge,Census remain J,domain.measurement_statistics_forecasting_evidence,residents_and_institutions,governments_operators_partners,jurisdictional,integration,integrate,jurisdictional_authority,identity;privacy;security;records,pii;domain_sensitive,service_outage;rights_harm;trust_loss,access;privacy;non_discrimination;due_process,domain_specialists;engineers;counsel,open_interop;security_baselines,security_privacy_a11y_review,required_for_claimed_services,federated_multi_operator,planned,1,3,5,absent,SD-MEA,false,
D-ADD-001,Digital commons asset registry,Shared digital assets,domain.additional_commons_care_space,residents_and_institutions,governments_operators_partners,jurisdictional,domain-specific,reference,jurisdictional_authority,identity;privacy;security;records,pii;domain_sensitive,service_outage;rights_harm;trust_loss,access;privacy;non_discrimination;due_process,domain_specialists;engineers;counsel,open_interop;security_baselines,security_privacy_a11y_review,required_for_claimed_services,federated_multi_operator,planned,2,4,5,framework-only,SD-ADD,false,
D-ADD-002,Care economy coordination ledger,Care coordination non-issuance,domain.additional_commons_care_space,residents_and_institutions,governments_operators_partners,jurisdictional,domain-specific,reference,jurisdictional_authority,identity;privacy;security;records,pii;domain_sensitive,service_outage;rights_harm;trust_loss,access;privacy;non_discrimination;due_process,domain_specialists;engineers;counsel,open_interop;security_baselines,security_privacy_a11y_review,required_for_claimed_services,federated_multi_operator,planned,1,3,5,framework-only,SD-ADD,false,
D-ADD-003,Space orbital reporting interface,Reporting only,domain.additional_commons_care_space,residents_and_institutions,governments_operators_partners,jurisdictional,domain-specific,standards,jurisdictional_authority,identity;privacy;security;records,pii;domain_sensitive,service_outage;rights_harm;trust_loss,access;privacy;non_discrimination;due_process,domain_specialists;engineers;counsel,open_interop;security_baselines,security_privacy_a11y_review,required_for_claimed_services,federated_multi_operator,planned,0,2,3,absent,SD-ADD,false,
D-ADD-004,Indigenous governance interface kit,Respect indigenous systems,domain.additional_commons_care_space,residents_and_institutions,governments_operators_partners,jurisdictional,domain-specific,standards,jurisdictional_authority,identity;privacy;security;records,pii;domain_sensitive,service_outage;rights_harm;trust_loss,access;privacy;non_discrimination;due_process,domain_specialists;engineers;counsel,open_interop;security_baselines,security_privacy_a11y_review,required_for_claimed_services,federated_multi_operator,planned,2,4,5,framework-only,SD-ADD,true,
D-ADD-005,Religious org interface non-theocratic,Voluntary orgs,domain.additional_commons_care_space,residents_and_institutions,governments_operators_partners,jurisdictional,domain-specific,standards,jurisdictional_authority,identity;privacy;security;records,pii;domain_sensitive,service_outage;rights_harm;trust_loss,access;privacy;non_discrimination;due_process,domain_specialists;engineers;counsel,open_interop;security_baselines,security_privacy_a11y_review,required_for_claimed_services,federated_multi_operator,planned,1,3,4,framework-only,SD-ADD,false,
D-ADD-006,Sports recreation facility booking,Facilities,domain.additional_commons_care_space,residents_and_institutions,governments_operators_partners,jurisdictional,domain-specific,reference,jurisdictional_authority,identity;privacy;security;records,pii;domain_sensitive,service_outage;rights_harm;trust_loss,access;privacy;non_discrimination;due_process,domain_specialists;engineers;counsel,open_interop;security_baselines,security_privacy_a11y_review,required_for_claimed_services,federated_multi_operator,planned,2,4,5,framework-only,SD-ADD,false,
D-HEA-019,Referral care pathway engine,Referral routing patterns,domain.health_public_health,residents_and_institutions,governments_operators_partners,jurisdictional,domain-specific,reference,jurisdictional_authority,identity;privacy;security;records,pii;domain_sensitive,service_outage;rights_harm;trust_loss,access;privacy;non_discrimination;due_process,domain_specialists;engineers;counsel,open_interop;security_baselines,security_privacy_a11y_review,required_for_claimed_services,federated_multi_operator,planned,2,4,5,framework-only,SD-HEA,false,
D-HEA-020,Discharge transition of care,Discharge planning interop,domain.health_public_health,residents_and_institutions,governments_operators_partners,jurisdictional,domain-specific,standards,jurisdictional_authority,identity;privacy;security;records,pii;domain_sensitive,service_outage;rights_harm;trust_loss,access;privacy;non_discrimination;due_process,domain_specialists;engineers;counsel,open_interop;security_baselines,security_privacy_a11y_review,required_for_claimed_services,federated_multi_operator,planned,1,3,5,framework-only,SD-HEA,false,
D-HEA-021,Allergies intolerance registry,Allergy records,domain.health_public_health,residents_and_institutions,governments_operators_partners,jurisdictional,domain-specific,standards,jurisdictional_authority,identity;privacy;security;records,phi,service_outage;rights_harm;trust_loss,access;privacy;non_discrimination;due_process,domain_specialists;engineers;counsel,open_interop;security_baselines,security_privacy_a11y_review,required_for_claimed_services,federated_multi_operator,planned,2,4,5,framework-only,SD-HEA,false,
D-HEA-022,Advance directives registry,Advance care directives,domain.health_public_health,residents_and_institutions,governments_operators_partners,jurisdictional,domain-specific,reference,jurisdictional_authority,identity;privacy;security;records,phi,service_outage;rights_harm;trust_loss,access;privacy;non_discrimination;due_process,domain_specialists;engineers;counsel,open_interop;security_baselines,security_privacy_a11y_review,required_for_claimed_services,federated_multi_operator,planned,1,3,5,absent,SD-HEA,false,
D-HEA-023,Clinical trial registry bridge,Trials registries,domain.health_public_health,residents_and_institutions,governments_operators_partners,jurisdictional,integration,integrate,jurisdictional_authority,identity;privacy;security;records,pii;domain_sensitive,service_outage;rights_harm;trust_loss,access;privacy;non_discrimination;due_process,domain_specialists;engineers;counsel,open_interop;security_baselines,security_privacy_a11y_review,required_for_claimed_services,federated_multi_operator,planned,1,3,4,absent,SD-HEA,false,
D-HEA-024,Rare disease registries bridge,Rare disease,domain.health_public_health,residents_and_institutions,governments_operators_partners,jurisdictional,integration,integrate,jurisdictional_authority,identity;privacy;security;records,pii;domain_sensitive,service_outage;rights_harm;trust_loss,access;privacy;non_discrimination;due_process,domain_specialists;engineers;counsel,open_interop;security_baselines,security_privacy_a11y_review,required_for_claimed_services,federated_multi_operator,planned,1,3,4,absent,SD-HEA,false,
D-HEA-025,Occupational health surveillance,Workplace health,domain.health_public_health,residents_and_institutions,governments_operators_partners,jurisdictional,domain-specific,standards,jurisdictional_authority,identity;privacy;security;records,pii;domain_sensitive,service_outage;rights_harm;trust_loss,access;privacy;non_discrimination;due_process,domain_specialists;engineers;counsel,open_interop;security_baselines,security_privacy_a11y_review,required_for_claimed_services,federated_multi_operator,planned,1,3,4,absent,SD-HEA,false,
D-HEA-026,Infection control facility toolkit,IPC tooling,domain.health_public_health,residents_and_institutions,governments_operators_partners,jurisdictional,domain-specific,standards,jurisdictional_authority,identity;privacy;security;records,pii;domain_sensitive,service_outage;rights_harm;trust_loss,access;privacy;non_discrimination;due_process,domain_specialists;engineers;counsel,open_interop;security_baselines,security_privacy_a11y_review,required_for_claimed_services,federated_multi_operator,planned,2,4,5,framework-only,SD-HEA,false,
D-HEA-027,Blood bank inventory interop,Blood banks,domain.health_public_health,residents_and_institutions,governments_operators_partners,jurisdictional,integration,integrate,jurisdictional_authority,identity;privacy;security;records,pii;domain_sensitive,service_outage;rights_harm;trust_loss,access;privacy;non_discrimination;due_process,domain_specialists;engineers;counsel,open_interop;security_baselines,security_privacy_a11y_review,required_for_claimed_services,federated_multi_operator,planned,1,3,4,absent,SD-HEA,false,
D-HEA-028,Medical device UDI registry,Device IDs,domain.health_public_health,residents_and_institutions,governments_operators_partners,jurisdictional,domain-specific,standards,jurisdictional_authority,identity;privacy;security;records,pii;domain_sensitive,service_outage;rights_harm;trust_loss,access;privacy;non_discrimination;due_process,domain_specialists;engineers;counsel,open_interop;security_baselines,security_privacy_a11y_review,required_for_claimed_services,federated_multi_operator,planned,1,3,5,framework-only,SD-HEA,false,
D-HEA-029,Radiology PACS bridge patterns,Imaging,domain.health_public_health,residents_and_institutions,governments_operators_partners,jurisdictional,integration,integrate,jurisdictional_authority,identity;privacy;security;records,pii;domain_sensitive,service_outage;rights_harm;trust_loss,access;privacy;non_discrimination;due_process,domain_specialists;engineers;counsel,open_interop;security_baselines,security_privacy_a11y_review,required_for_claimed_services,federated_multi_operator,planned,1,3,5,hidden-in-J-II,SD-HEA,false,
D-HEA-030,Dental oral health record bridge,Dental,domain.health_public_health,residents_and_institutions,governments_operators_partners,jurisdictional,integration,integrate,jurisdictional_authority,identity;privacy;security;records,pii;domain_sensitive,service_outage;rights_harm;trust_loss,access;privacy;non_discrimination;due_process,domain_specialists;engineers;counsel,open_interop;security_baselines,security_privacy_a11y_review,required_for_claimed_services,federated_multi_operator,planned,1,3,4,absent,SD-HEA,false,
D-HEA-031,Primary care appointment booking,Appointments,domain.health_public_health,residents_and_institutions,governments_operators_partners,jurisdictional,domain-specific,multi-impl,jurisdictional_authority,identity;privacy;security;records,pii;domain_sensitive,service_outage;rights_harm;trust_loss,access;privacy;non_discrimination;due_process,domain_specialists;engineers;counsel,open_interop;security_baselines,security_privacy_a11y_review,required_for_claimed_services,federated_multi_operator,planned,2,4,5,framework-only,SD-HEA,false,
D-HEA-032,Ambulance EMS dispatch bridge,EMS,domain.health_public_health,residents_and_institutions,governments_operators_partners,jurisdictional,integration,integrate,jurisdictional_authority,identity;privacy;security;records,pii;domain_sensitive,service_outage;rights_harm;trust_loss,access;privacy;non_discrimination;due_process,domain_specialists;engineers;counsel,open_interop;security_baselines,security_privacy_a11y_review,required_for_claimed_services,federated_multi_operator,planned,1,3,5,hidden-in-J-II,SD-HEA,false,
D-HEA-033,Poison control knowledge base,Poison control,domain.health_public_health,residents_and_institutions,governments_operators_partners,jurisdictional,domain-specific,reference,jurisdictional_authority,identity;privacy;security;records,pii;domain_sensitive,service_outage;rights_harm;trust_loss,access;privacy;non_discrimination;due_process,domain_specialists;engineers;counsel,open_interop;security_baselines,security_privacy_a11y_review,required_for_claimed_services,federated_multi_operator,planned,1,3,4,absent,SD-HEA,false,
D-HEA-034,Healthcare workforce planning,Workforce analytics,domain.health_public_health,residents_and_institutions,governments_operators_partners,jurisdictional,domain-specific,reference,jurisdictional_authority,identity;privacy;security;records,pii;domain_sensitive,service_outage;rights_harm;trust_loss,access;privacy;non_discrimination;due_process,domain_specialists;engineers;counsel,open_interop;security_baselines,security_privacy_a11y_review,required_for_claimed_services,federated_multi_operator,planned,1,3,5,framework-only,SD-HEA,false,
D-HEA-035,Health equity disparity metrics,Equity metrics,domain.health_public_health,residents_and_institutions,governments_operators_partners,jurisdictional,domain-specific,standards,jurisdictional_authority,identity;privacy;security;records,pii;domain_sensitive,service_outage;rights_harm;trust_loss,access;privacy;non_discrimination;due_process,domain_specialists;engineers;counsel,open_interop;security_baselines,security_privacy_a11y_review,required_for_claimed_services,federated_multi_operator,planned,2,4,5,framework-only,SD-HEA,false,
D-HEA-036,Antimicrobial stewardship,AMS programs,domain.health_public_health,residents_and_institutions,governments_operators_partners,jurisdictional,domain-specific,standards,jurisdictional_authority,identity;privacy;security;records,pii;domain_sensitive,service_outage;rights_harm;trust_loss,access;privacy;non_discrimination;due_process,domain_specialists;engineers;counsel,open_interop;security_baselines,security_privacy_a11y_review,required_for_claimed_services,federated_multi_operator,planned,1,3,5,framework-only,SD-HEA,false,
D-ECO-015,Wage hour compliance toolkit,Wage/hour,domain.economy_commerce_labor,residents_and_institutions,governments_operators_partners,jurisdictional,domain-specific,standards,jurisdictional_authority,identity;privacy;security;records,pii;domain_sensitive,service_outage;rights_harm;trust_loss,access;privacy;non_discrimination;due_process,domain_specialists;engineers;counsel,open_interop;security_baselines,security_privacy_a11y_review,required_for_claimed_services,federated_multi_operator,planned,2,4,5,framework-only,SD-ECO,false,
D-ECO-016,Collective bargaining notice board,Labor notices,domain.economy_commerce_labor,residents_and_institutions,governments_operators_partners,jurisdictional,domain-specific,reference,jurisdictional_authority,identity;privacy;security;records,pii;domain_sensitive,service_outage;rights_harm;trust_loss,access;privacy;non_discrimination;due_process,domain_specialists;engineers;counsel,open_interop;security_baselines,security_privacy_a11y_review,required_for_claimed_services,federated_multi_operator,planned,1,3,4,framework-only,SD-ECO,false,
D-ECO-017,OSH incident reporting,Occupational safety,domain.economy_commerce_labor,residents_and_institutions,governments_operators_partners,jurisdictional,domain-specific,standards,jurisdictional_authority,identity;privacy;security;records,pii;domain_sensitive,service_outage;rights_harm;trust_loss,access;privacy;non_discrimination;due_process,domain_specialists;engineers;counsel,open_interop;security_baselines,security_privacy_a11y_review,required_for_claimed_services,federated_multi_operator,planned,2,4,5,framework-only,SD-ECO,false,
D-ECO-018,Accounting chart standards pack,Chart of accounts patterns,domain.economy_commerce_labor,residents_and_institutions,governments_operators_partners,jurisdictional,domain-specific,standards,jurisdictional_authority,identity;privacy;security;records,pii;domain_sensitive,service_outage;rights_harm;trust_loss,access;privacy;non_discrimination;due_process,domain_specialists;engineers;counsel,open_interop;security_baselines,security_privacy_a11y_review,required_for_claimed_services,federated_multi_operator,planned,2,4,5,framework-only,SD-ECO,false,
D-ECO-019,Invoice e-invoicing interop,E-invoicing,domain.economy_commerce_labor,residents_and_institutions,governments_operators_partners,jurisdictional,integration,standards,jurisdictional_authority,identity;privacy;security;records,pii;domain_sensitive,service_outage;rights_harm;trust_loss,access;privacy;non_discrimination;due_process,domain_specialists;engineers;counsel,open_interop;security_baselines,security_privacy_a11y_review,required_for_claimed_services,federated_multi_operator,planned,2,4,6,partial,SD-ECO,false,
D-ECO-020,Supply chain ESG disclosure,ESG supply,domain.economy_commerce_labor,residents_and_institutions,governments_operators_partners,jurisdictional,domain-specific,standards,jurisdictional_authority,identity;privacy;security;records,pii;domain_sensitive,service_outage;rights_harm;trust_loss,access;privacy;non_discrimination;due_process,domain_specialists;engineers;counsel,open_interop;security_baselines,security_privacy_a11y_review,required_for_claimed_services,federated_multi_operator,planned,1,3,5,framework-only,SD-ECO,false,
D-ECO-021,Franchise licensing cases,Franchises,domain.economy_commerce_labor,residents_and_institutions,governments_operators_partners,jurisdictional,domain-specific,reference,jurisdictional_authority,identity;privacy;security;records,pii;domain_sensitive,service_outage;rights_harm;trust_loss,access;privacy;non_discrimination;due_process,domain_specialists;engineers;counsel,open_interop;security_baselines,security_privacy_a11y_review,required_for_claimed_services,federated_multi_operator,planned,1,3,4,absent,SD-ECO,false,
D-ECO-022,Export import license cases,Trade licenses,domain.economy_commerce_labor,residents_and_institutions,governments_operators_partners,jurisdictional,domain-specific,reference,jurisdictional_authority,identity;privacy;security;records,pii;domain_sensitive,service_outage;rights_harm;trust_loss,access;privacy;non_discrimination;due_process,domain_specialists;engineers;counsel,open_interop;security_baselines,security_privacy_a11y_review,required_for_claimed_services,federated_multi_operator,planned,1,3,5,framework-only,SD-ECO,false,
D-ECO-023,Price transparency publication,Price pubs,domain.economy_commerce_labor,residents_and_institutions,governments_operators_partners,jurisdictional,domain-specific,standards,jurisdictional_authority,identity;privacy;security;records,pii;domain_sensitive,service_outage;rights_harm;trust_loss,access;privacy;non_discrimination;due_process,domain_specialists;engineers;counsel,open_interop;security_baselines,security_privacy_a11y_review,required_for_claimed_services,federated_multi_operator,planned,1,3,4,framework-only,SD-ECO,false,
D-ECO-024,Sectoral collective agreement registry,Sector agreements,domain.economy_commerce_labor,residents_and_institutions,governments_operators_partners,jurisdictional,domain-specific,integrate,jurisdictional_authority,identity;privacy;security;records,pii;domain_sensitive,service_outage;rights_harm;trust_loss,access;privacy;non_discrimination;due_process,domain_specialists;engineers;counsel,open_interop;security_baselines,security_privacy_a11y_review,required_for_claimed_services,federated_multi_operator,planned,1,3,4,absent,SD-ECO,false,
D-ECO-025,Unemployment insurance bridge,UI systems,domain.economy_commerce_labor,residents_and_institutions,governments_operators_partners,jurisdictional,integration,integrate,jurisdictional_authority,identity;privacy;security;records,pii;domain_sensitive,service_outage;rights_harm;trust_loss,access;privacy;non_discrimination;due_process,domain_specialists;engineers;counsel,open_interop;security_baselines,security_privacy_a11y_review,required_for_claimed_services,federated_multi_operator,planned,1,3,5,hidden-in-J-II,SD-ECO,false,
D-ECO-026,Workplace inspection scheduling,Inspections,domain.economy_commerce_labor,residents_and_institutions,governments_operators_partners,jurisdictional,domain-specific,reference,jurisdictional_authority,identity;privacy;security;records,pii;domain_sensitive,service_outage;rights_harm;trust_loss,access;privacy;non_discrimination;due_process,domain_specialists;engineers;counsel,open_interop;security_baselines,security_privacy_a11y_review,required_for_claimed_services,federated_multi_operator,planned,1,3,4,framework-only,SD-ECO,false,
D-ECO-027,Economic development grant admin,Dev grants,domain.economy_commerce_labor,residents_and_institutions,governments_operators_partners,jurisdictional,domain-specific,reference,jurisdictional_authority,identity;privacy;security;records,pii;domain_sensitive,service_outage;rights_harm;trust_loss,access;privacy;non_discrimination;due_process,domain_specialists;engineers;counsel,open_interop;security_baselines,security_privacy_a11y_review,required_for_claimed_services,federated_multi_operator,planned,2,4,5,framework-only,SD-ECO,false,
D-ECO-028,Antitrust merger notification,Merger notice,domain.economy_commerce_labor,residents_and_institutions,governments_operators_partners,jurisdictional,domain-specific,leave-to-J,jurisdictional_authority,identity;privacy;security;records,pii;domain_sensitive,service_outage;rights_harm;trust_loss,access;privacy;non_discrimination;due_process,domain_specialists;engineers;counsel,open_interop;security_baselines,security_privacy_a11y_review,required_for_claimed_services,federated_multi_operator,planned,0,2,4,absent,SD-ECO,true,
D-ECO-029,Consumer credit installment rules aid,Installment aid,domain.economy_commerce_labor,residents_and_institutions,governments_operators_partners,jurisdictional,domain-specific,standards,jurisdictional_authority,identity;privacy;security;records,pii;domain_sensitive,service_outage;rights_harm;trust_loss,access;privacy;non_discrimination;due_process,domain_specialists;engineers;counsel,open_interop;security_baselines,security_privacy_a11y_review,required_for_claimed_services,federated_multi_operator,planned,1,3,4,framework-only,SD-ECO,false,
D-FIN-011,Deposit insurance notice bridge,Deposit insurance,domain.finance_banking_payments_monetary,residents_and_institutions,governments_operators_partners,jurisdictional,integration,leave-to-J,jurisdictional_authority,identity;privacy;security;records,pii;domain_sensitive,service_outage;rights_harm;trust_loss,access;privacy;non_discrimination;due_process,domain_specialists;engineers;counsel,open_interop;security_baselines,security_privacy_a11y_review,required_for_claimed_services,federated_multi_operator,planned,0,2,4,absent,SD-FIN,true,
D-FIN-012,Central bank reporting adapter,Reporting only,domain.finance_banking_payments_monetary,residents_and_institutions,governments_operators_partners,jurisdictional,integration,integrate,jurisdictional_authority,identity;privacy;security;records,pii;domain_sensitive,service_outage;rights_harm;trust_loss,access;privacy;non_discrimination;due_process,domain_specialists;engineers;counsel,open_interop;security_baselines,security_privacy_a11y_review,required_for_claimed_services,federated_multi_operator,planned,1,3,4,absent,SD-FIN,false,
D-FIN-013,FX settlement messaging bridge,FX messaging,domain.finance_banking_payments_monetary,residents_and_institutions,governments_operators_partners,jurisdictional,integration,integrate,jurisdictional_authority,identity;privacy;security;records,pii;domain_sensitive,service_outage;rights_harm;trust_loss,access;privacy;non_discrimination;due_process,domain_specialists;engineers;counsel,open_interop;security_baselines,security_privacy_a11y_review,required_for_claimed_services,federated_multi_operator,planned,1,3,4,absent,SD-FIN,false,
D-FIN-014,Trade finance document toolkit,Trade finance,domain.finance_banking_payments_monetary,residents_and_institutions,governments_operators_partners,jurisdictional,domain-specific,standards,jurisdictional_authority,identity;privacy;security;records,pii;domain_sensitive,service_outage;rights_harm;trust_loss,access;privacy;non_discrimination;due_process,domain_specialists;engineers;counsel,open_interop;security_baselines,security_privacy_a11y_review,required_for_claimed_services,federated_multi_operator,planned,1,3,4,framework-only,SD-FIN,false,
D-FIN-015,Pension fund disclosure portal,Pension disclosure,domain.finance_banking_payments_monetary,residents_and_institutions,governments_operators_partners,jurisdictional,domain-specific,standards,jurisdictional_authority,identity;privacy;security;records,pii;domain_sensitive,service_outage;rights_harm;trust_loss,access;privacy;non_discrimination;due_process,domain_specialists;engineers;counsel,open_interop;security_baselines,security_privacy_a11y_review,required_for_claimed_services,federated_multi_operator,planned,1,3,5,framework-only,SD-FIN,false,
D-FIN-016,Microfinance cooperative ledger,Microfinance,domain.finance_banking_payments_monetary,residents_and_institutions,governments_operators_partners,jurisdictional,domain-specific,reference,jurisdictional_authority,identity;privacy;security;records,pii;domain_sensitive,service_outage;rights_harm;trust_loss,access;privacy;non_discrimination;due_process,domain_specialists;engineers;counsel,open_interop;security_baselines,security_privacy_a11y_review,required_for_claimed_services,federated_multi_operator,planned,2,4,5,framework-only,SD-FIN,false,
D-FIN-017,Card scheme certification checklist,Card compliance,domain.finance_banking_payments_monetary,residents_and_institutions,governments_operators_partners,jurisdictional,domain-specific,standards,jurisdictional_authority,identity;privacy;security;records,pii;domain_sensitive,service_outage;rights_harm;trust_loss,access;privacy;non_discrimination;due_process,domain_specialists;engineers;counsel,open_interop;security_baselines,security_privacy_a11y_review,required_for_claimed_services,federated_multi_operator,planned,2,3,5,framework-only,SD-FIN,false,
D-FIN-018,Financial consumer complaint routing,Fin complaints,domain.finance_banking_payments_monetary,residents_and_institutions,governments_operators_partners,jurisdictional,domain-specific,reference,jurisdictional_authority,identity;privacy;security;records,pii;domain_sensitive,service_outage;rights_harm;trust_loss,access;privacy;non_discrimination;due_process,domain_specialists;engineers;counsel,open_interop;security_baselines,security_privacy_a11y_review,required_for_claimed_services,federated_multi_operator,planned,2,4,5,framework-only,SD-FIN,false,
D-FIN-019,Systemic risk indicator feed,Non-authoritative,domain.finance_banking_payments_monetary,residents_and_institutions,governments_operators_partners,jurisdictional,domain-specific,standards,jurisdictional_authority,identity;privacy;security;records,pii;domain_sensitive,service_outage;rights_harm;trust_loss,access;privacy;non_discrimination;due_process,domain_specialists;engineers;counsel,open_interop;security_baselines,security_privacy_a11y_review,required_for_claimed_services,federated_multi_operator,planned,0,2,4,absent,SD-FIN,false,
D-FIN-020,Islamic finance product labels,Where relevant,domain.finance_banking_payments_monetary,residents_and_institutions,governments_operators_partners,jurisdictional,domain-specific,standards,jurisdictional_authority,identity;privacy;security;records,pii;domain_sensitive,service_outage;rights_harm;trust_loss,access;privacy;non_discrimination;due_process,domain_specialists;engineers;counsel,open_interop;security_baselines,security_privacy_a11y_review,required_for_claimed_services,federated_multi_operator,planned,1,3,4,framework-only,SD-FIN,false,
D-TAX-007,VAT GST invoice matching,VAT matching,domain.taxation_fiscal,residents_and_institutions,governments_operators_partners,jurisdictional,integration,integrate,jurisdictional_authority,identity;privacy;security;records,pii;domain_sensitive,service_outage;rights_harm;trust_loss,access;privacy;non_discrimination;due_process,domain_specialists;engineers;counsel,open_interop;security_baselines,security_privacy_a11y_review,required_for_claimed_services,federated_multi_operator,planned,1,3,5,hidden-in-J-II,SD-TAX,false,
D-TAX-008,Tax treaty relief claim aid,Treaty relief,domain.taxation_fiscal,residents_and_institutions,governments_operators_partners,jurisdictional,domain-specific,standards,jurisdictional_authority,identity;privacy;security;records,pii;domain_sensitive,service_outage;rights_harm;trust_loss,access;privacy;non_discrimination;due_process,domain_specialists;engineers;counsel,open_interop;security_baselines,security_privacy_a11y_review,required_for_claimed_services,federated_multi_operator,planned,1,3,4,framework-only,SD-TAX,false,
D-TAX-009,Excise stamp tracking,Excise,domain.taxation_fiscal,residents_and_institutions,governments_operators_partners,jurisdictional,domain-specific,integrate,jurisdictional_authority,identity;privacy;security;records,pii;domain_sensitive,service_outage;rights_harm;trust_loss,access;privacy;non_discrimination;due_process,domain_specialists;engineers;counsel,open_interop;security_baselines,security_privacy_a11y_review,required_for_claimed_services,federated_multi_operator,planned,1,3,4,absent,SD-TAX,false,
D-TAX-010,Fiscal transparency open data,Open fiscal data,domain.taxation_fiscal,residents_and_institutions,governments_operators_partners,jurisdictional,domain-specific,operate,jurisdictional_authority,identity;privacy;security;records,pii;domain_sensitive,service_outage;rights_harm;trust_loss,access;privacy;non_discrimination;due_process,domain_specialists;engineers;counsel,open_interop;security_baselines,security_privacy_a11y_review,required_for_claimed_services,federated_multi_operator,planned,3,5,6,partial,SD-TAX,false,
D-TAX-011,Debt management publication,Public debt pubs,domain.taxation_fiscal,residents_and_institutions,governments_operators_partners,jurisdictional,domain-specific,standards,jurisdictional_authority,identity;privacy;security;records,pii;domain_sensitive,service_outage;rights_harm;trust_loss,access;privacy;non_discrimination;due_process,domain_specialists;engineers;counsel,open_interop;security_baselines,security_privacy_a11y_review,required_for_claimed_services,federated_multi_operator,planned,1,3,5,framework-only,SD-TAX,false,
D-TAX-012,Transfer pricing documentation aid,TP docs,domain.taxation_fiscal,residents_and_institutions,governments_operators_partners,jurisdictional,domain-specific,standards,jurisdictional_authority,identity;privacy;security;records,pii;domain_sensitive,service_outage;rights_harm;trust_loss,access;privacy;non_discrimination;due_process,domain_specialists;engineers;counsel,open_interop;security_baselines,security_privacy_a11y_review,required_for_claimed_services,federated_multi_operator,planned,1,3,4,absent,SD-TAX,false,
D-TAX-013,Tax dispute case docket,Tax disputes,domain.taxation_fiscal,residents_and_institutions,governments_operators_partners,jurisdictional,domain-specific,leave-to-J,jurisdictional_authority,identity;privacy;security;records,pii;domain_sensitive,service_outage;rights_harm;trust_loss,access;privacy;non_discrimination;due_process,domain_specialists;engineers;counsel,open_interop;security_baselines,security_privacy_a11y_review,required_for_claimed_services,federated_multi_operator,planned,1,3,4,absent,SD-TAX,true,
D-TAX-014,Municipal fee collection bridge,Local fees,domain.taxation_fiscal,residents_and_institutions,governments_operators_partners,jurisdictional,integration,integrate,jurisdictional_authority,identity;privacy;security;records,pii;domain_sensitive,service_outage;rights_harm;trust_loss,access;privacy;non_discrimination;due_process,domain_specialists;engineers;counsel,open_interop;security_baselines,security_privacy_a11y_review,required_for_claimed_services,federated_multi_operator,planned,2,4,5,hidden-in-J-II,SD-TAX,false,
D-EDU-008,K12 enrollment transfer system,Enrollment,domain.education_training_research,residents_and_institutions,governments_operators_partners,jurisdictional,domain-specific,reference,jurisdictional_authority,identity;privacy;security;records,pii;domain_sensitive,service_outage;rights_harm;trust_loss,access;privacy;non_discrimination;due_process,domain_specialists;engineers;counsel,open_interop;security_baselines,security_privacy_a11y_review,required_for_claimed_services,federated_multi_operator,planned,2,4,5,framework-only,SD-EDU,false,
D-EDU-009,Special education IEP cases,Special education,domain.education_training_research,residents_and_institutions,governments_operators_partners,jurisdictional,domain-specific,reference,jurisdictional_authority,identity;privacy;security;records,education_sensitive,service_outage;rights_harm;trust_loss,access;privacy;non_discrimination;due_process,domain_specialists;engineers;counsel,open_interop;security_baselines,security_privacy_a11y_review,required_for_claimed_services,federated_multi_operator,planned,1,3,5,framework-only,SD-EDU,false,
D-EDU-010,Teacher licensing registry,Teachers,domain.education_training_research,residents_and_institutions,governments_operators_partners,jurisdictional,domain-specific,integrate,jurisdictional_authority,identity;privacy;security;records,pii;domain_sensitive,service_outage;rights_harm;trust_loss,access;privacy;non_discrimination;due_process,domain_specialists;engineers;counsel,open_interop;security_baselines,security_privacy_a11y_review,required_for_claimed_services,federated_multi_operator,planned,2,4,5,hidden-in-J-II,SD-EDU,false,
D-EDU-011,Curriculum standards publication,Curricula,domain.education_training_research,residents_and_institutions,governments_operators_partners,jurisdictional,domain-specific,standards,jurisdictional_authority,identity;privacy;security;records,pii;domain_sensitive,service_outage;rights_harm;trust_loss,access;privacy;non_discrimination;due_process,domain_specialists;engineers;counsel,open_interop;security_baselines,security_privacy_a11y_review,required_for_claimed_services,federated_multi_operator,planned,2,4,5,framework-only,SD-EDU,false,
D-EDU-012,Library catalog interop,Libraries,domain.education_training_research,residents_and_institutions,governments_operators_partners,jurisdictional,integration,standards,jurisdictional_authority,identity;privacy;security;records,pii;domain_sensitive,service_outage;rights_harm;trust_loss,access;privacy;non_discrimination;due_process,domain_specialists;engineers;counsel,open_interop;security_baselines,security_privacy_a11y_review,required_for_claimed_services,federated_multi_operator,planned,2,4,5,framework-only,SD-EDU,false,
D-EDU-013,Open educational resources hub,OER,domain.education_training_research,residents_and_institutions,governments_operators_partners,jurisdictional,domain-specific,operate,jurisdictional_authority,identity;privacy;security;records,pii;domain_sensitive,service_outage;rights_harm;trust_loss,access;privacy;non_discrimination;due_process,domain_specialists;engineers;counsel,open_interop;security_baselines,security_privacy_a11y_review,required_for_claimed_services,federated_multi_operator,planned,3,5,6,partial,SD-EDU,false,
D-EDU-014,Research data management plans,DMP tooling,domain.education_training_research,residents_and_institutions,governments_operators_partners,jurisdictional,domain-specific,standards,jurisdictional_authority,identity;privacy;security;records,pii;domain_sensitive,service_outage;rights_harm;trust_loss,access;privacy;non_discrimination;due_process,domain_specialists;engineers;counsel,open_interop;security_baselines,security_privacy_a11y_review,required_for_claimed_services,federated_multi_operator,planned,2,4,5,framework-only,SD-EDU,false,
D-EDU-015,Early childhood program registry,ECE,domain.education_training_research,residents_and_institutions,governments_operators_partners,jurisdictional,domain-specific,reference,jurisdictional_authority,identity;privacy;security;records,pii;domain_sensitive,service_outage;rights_harm;trust_loss,access;privacy;non_discrimination;due_process,domain_specialists;engineers;counsel,open_interop;security_baselines,security_privacy_a11y_review,required_for_claimed_services,federated_multi_operator,planned,2,4,5,framework-only,SD-EDU,false,
D-EDU-016,Adult literacy program cases,Adult literacy,domain.education_training_research,residents_and_institutions,governments_operators_partners,jurisdictional,domain-specific,reference,jurisdictional_authority,identity;privacy;security;records,pii;domain_sensitive,service_outage;rights_harm;trust_loss,access;privacy;non_discrimination;due_process,domain_specialists;engineers;counsel,open_interop;security_baselines,security_privacy_a11y_review,required_for_claimed_services,federated_multi_operator,planned,2,4,5,framework-only,SD-EDU,false,
D-EDU-017,Exam integrity proctoring limits,Exam integrity — privacy constraints,domain.education_training_research,residents_and_institutions,governments_operators_partners,jurisdictional,domain-specific,standards,jurisdictional_authority,identity;privacy;security;records,pii;domain_sensitive,service_outage;rights_harm;trust_loss,access;privacy;non_discrimination;due_process,domain_specialists;engineers;counsel,open_interop;security_baselines,security_privacy_a11y_review,required_for_claimed_services,federated_multi_operator,planned,1,3,4,framework-only,SD-EDU,false,
D-SCI-006,Instrument facility booking,Shared instruments,domain.science_innovation_knowledge,residents_and_institutions,governments_operators_partners,jurisdictional,domain-specific,reference,jurisdictional_authority,identity;privacy;security;records,pii;domain_sensitive,service_outage;rights_harm;trust_loss,access;privacy;non_discrimination;due_process,domain_specialists;engineers;counsel,open_interop;security_baselines,security_privacy_a11y_review,required_for_claimed_services,federated_multi_operator,planned,1,3,4,framework-only,SD-SCI,false,
D-SCI-007,Specimen biobank consent,Biobanks,domain.science_innovation_knowledge,residents_and_institutions,governments_operators_partners,jurisdictional,domain-specific,reference,jurisdictional_authority,identity;privacy;security;records,bio,service_outage;rights_harm;trust_loss,access;privacy;non_discrimination;due_process,domain_specialists;engineers;counsel,open_interop;security_baselines,security_privacy_a11y_review,required_for_claimed_services,federated_multi_operator,planned,1,3,4,absent,SD-SCI,false,
D-SCI-008,Open science reproducibility toolkit,Reproducibility,domain.science_innovation_knowledge,residents_and_institutions,governments_operators_partners,jurisdictional,domain-specific,standards,jurisdictional_authority,identity;privacy;security;records,pii;domain_sensitive,service_outage;rights_harm;trust_loss,access;privacy;non_discrimination;due_process,domain_specialists;engineers;counsel,open_interop;security_baselines,security_privacy_a11y_review,required_for_claimed_services,federated_multi_operator,planned,2,4,5,framework-only,SD-SCI,false,
D-SCI-009,Standards metrology registry,Metrology,domain.science_innovation_knowledge,residents_and_institutions,governments_operators_partners,jurisdictional,domain-specific,integrate,jurisdictional_authority,identity;privacy;security;records,pii;domain_sensitive,service_outage;rights_harm;trust_loss,access;privacy;non_discrimination;due_process,domain_specialists;engineers;counsel,open_interop;security_baselines,security_privacy_a11y_review,required_for_claimed_services,federated_multi_operator,planned,1,3,5,framework-only,SD-SCI,false,
D-SCI-010,Citizen science project platform,Citizen science,domain.science_innovation_knowledge,residents_and_institutions,governments_operators_partners,jurisdictional,domain-specific,multi-impl,jurisdictional_authority,identity;privacy;security;records,pii;domain_sensitive,service_outage;rights_harm;trust_loss,access;privacy;non_discrimination;due_process,domain_specialists;engineers;counsel,open_interop;security_baselines,security_privacy_a11y_review,required_for_claimed_services,federated_multi_operator,planned,2,4,5,framework-only,SD-SCI,false,
D-SCI-011,Technology transfer case admin,Tech transfer,domain.science_innovation_knowledge,residents_and_institutions,governments_operators_partners,jurisdictional,domain-specific,reference,jurisdictional_authority,identity;privacy;security;records,pii;domain_sensitive,service_outage;rights_harm;trust_loss,access;privacy;non_discrimination;due_process,domain_specialists;engineers;counsel,open_interop;security_baselines,security_privacy_a11y_review,required_for_claimed_services,federated_multi_operator,planned,1,3,4,framework-only,SD-SCI,false,
D-HOU-007,Rental tenancy dispute mediation,Tenancy,domain.housing_land_property_urban,residents_and_institutions,governments_operators_partners,jurisdictional,domain-specific,reference,jurisdictional_authority,identity;privacy;security;records,pii;domain_sensitive,service_outage;rights_harm;trust_loss,access;privacy;non_discrimination;due_process,domain_specialists;engineers;counsel,open_interop;security_baselines,security_privacy_a11y_review,required_for_claimed_services,federated_multi_operator,planned,2,4,5,framework-only,SD-HOU,false,
D-HOU-008,Eviction moratorium notice board,Notices,domain.housing_land_property_urban,residents_and_institutions,governments_operators_partners,jurisdictional,domain-specific,standards,jurisdictional_authority,identity;privacy;security;records,pii;domain_sensitive,service_outage;rights_harm;trust_loss,access;privacy;non_discrimination;due_process,domain_specialists;engineers;counsel,open_interop;security_baselines,security_privacy_a11y_review,required_for_claimed_services,federated_multi_operator,planned,1,3,4,framework-only,SD-HOU,false,
D-HOU-009,Construction code compliance cases,Building codes,domain.housing_land_property_urban,residents_and_institutions,governments_operators_partners,jurisdictional,domain-specific,reference,jurisdictional_authority,identity;privacy;security;records,pii;domain_sensitive,service_outage;rights_harm;trust_loss,access;privacy;non_discrimination;due_process,domain_specialists;engineers;counsel,open_interop;security_baselines,security_privacy_a11y_review,required_for_claimed_services,federated_multi_operator,planned,2,4,5,framework-only,SD-HOU,false,
D-HOU-010,Informal settlement upgrading,Upgrading programs,domain.housing_land_property_urban,residents_and_institutions,governments_operators_partners,jurisdictional,domain-specific,reference,jurisdictional_authority,identity;privacy;security;records,pii;domain_sensitive,service_outage;rights_harm;trust_loss,access;privacy;non_discrimination;due_process,domain_specialists;engineers;counsel,open_interop;security_baselines,security_privacy_a11y_review,required_for_claimed_services,federated_multi_operator,planned,1,3,5,framework-only,SD-HOU,false,
D-HOU-011,Property valuation appeal,Valuation appeals,domain.housing_land_property_urban,residents_and_institutions,governments_operators_partners,jurisdictional,domain-specific,leave-to-J,jurisdictional_authority,identity;privacy;security;records,pii;domain_sensitive,service_outage;rights_harm;trust_loss,access;privacy;non_discrimination;due_process,domain_specialists;engineers;counsel,open_interop;security_baselines,security_privacy_a11y_review,required_for_claimed_services,federated_multi_operator,planned,1,3,4,absent,SD-HOU,true,
D-HOU-012,Communal land rights interface,Communal rights — never centralize,domain.housing_land_property_urban,residents_and_institutions,governments_operators_partners,jurisdictional,domain-specific,standards,jurisdictional_authority,identity;privacy;security;records,pii;domain_sensitive,service_outage;rights_harm;trust_loss,access;privacy;non_discrimination;due_process,domain_specialists;engineers;counsel,open_interop;security_baselines,security_privacy_a11y_review,required_for_claimed_services,federated_multi_operator,planned,1,3,5,framework-only,SD-HOU,true,
D-HOU-013,Smart city IoT privacy gateway,IoT privacy,domain.housing_land_property_urban,residents_and_institutions,governments_operators_partners,jurisdictional,domain-specific,standards,jurisdictional_authority,identity;privacy;security;records,pii;domain_sensitive,service_outage;rights_harm;trust_loss,access;privacy;non_discrimination;due_process,domain_specialists;engineers;counsel,open_interop;security_baselines,security_privacy_a11y_review,required_for_claimed_services,federated_multi_operator,planned,1,3,4,framework-only,SD-HOU,false,
D-HOU-014,Affordable housing lottery,Allocation lotteries,domain.housing_land_property_urban,residents_and_institutions,governments_operators_partners,jurisdictional,domain-specific,reference,jurisdictional_authority,identity;privacy;security;records,pii;domain_sensitive,service_outage;rights_harm;trust_loss,access;privacy;non_discrimination;due_process,domain_specialists;engineers;counsel,open_interop;security_baselines,security_privacy_a11y_review,required_for_claimed_services,federated_multi_operator,planned,2,4,5,framework-only,SD-HOU,false,
D-FOO-006,Irrigation water rights ledger,Water rights,domain.food_agriculture_water_supply,residents_and_institutions,governments_operators_partners,jurisdictional,domain-specific,leave-to-J,jurisdictional_authority,identity;privacy;security;records,pii;domain_sensitive,service_outage;rights_harm;trust_loss,access;privacy;non_discrimination;due_process,domain_specialists;engineers;counsel,open_interop;security_baselines,security_privacy_a11y_review,required_for_claimed_services,federated_multi_operator,planned,1,3,4,absent,SD-FOO,true,
D-FOO-007,Fisheries quota registry,Fisheries,domain.food_agriculture_water_supply,residents_and_institutions,governments_operators_partners,jurisdictional,domain-specific,integrate,jurisdictional_authority,identity;privacy;security;records,pii;domain_sensitive,service_outage;rights_harm;trust_loss,access;privacy;non_discrimination;due_process,domain_specialists;engineers;counsel,open_interop;security_baselines,security_privacy_a11y_review,required_for_claimed_services,federated_multi_operator,planned,1,3,4,absent,SD-FOO,false,
D-FOO-008,Pesticide approval registry,Pesticides,domain.food_agriculture_water_supply,residents_and_institutions,governments_operators_partners,jurisdictional,domain-specific,integrate,jurisdictional_authority,identity;privacy;security;records,pii;domain_sensitive,service_outage;rights_harm;trust_loss,access;privacy;non_discrimination;due_process,domain_specialists;engineers;counsel,open_interop;security_baselines,security_privacy_a11y_review,required_for_claimed_services,federated_multi_operator,planned,1,3,4,absent,SD-FOO,false,
D-FOO-009,Seed variety registry,Seeds,domain.food_agriculture_water_supply,residents_and_institutions,governments_operators_partners,jurisdictional,domain-specific,standards,jurisdictional_authority,identity;privacy;security;records,pii;domain_sensitive,service_outage;rights_harm;trust_loss,access;privacy;non_discrimination;due_process,domain_specialists;engineers;counsel,open_interop;security_baselines,security_privacy_a11y_review,required_for_claimed_services,federated_multi_operator,planned,1,3,4,framework-only,SD-FOO,false,
D-FOO-010,School feeding program admin,School meals,domain.food_agriculture_water_supply,residents_and_institutions,governments_operators_partners,jurisdictional,domain-specific,reference,jurisdictional_authority,identity;privacy;security;records,pii;domain_sensitive,service_outage;rights_harm;trust_loss,access;privacy;non_discrimination;due_process,domain_specialists;engineers;counsel,open_interop;security_baselines,security_privacy_a11y_review,required_for_claimed_services,federated_multi_operator,planned,2,4,5,framework-only,SD-FOO,false,
D-FOO-011,Nutrition labeling compliance,Labels,domain.food_agriculture_water_supply,residents_and_institutions,governments_operators_partners,jurisdictional,domain-specific,standards,jurisdictional_authority,identity;privacy;security;records,pii;domain_sensitive,service_outage;rights_harm;trust_loss,access;privacy;non_discrimination;due_process,domain_specialists;engineers;counsel,open_interop;security_baselines,security_privacy_a11y_review,required_for_claimed_services,federated_multi_operator,planned,2,4,5,framework-only,SD-FOO,false,
D-FOO-012,Drought early action protocols,Drought protocols,domain.food_agriculture_water_supply,residents_and_institutions,governments_operators_partners,jurisdictional,domain-specific,reference,jurisdictional_authority,identity;privacy;security;records,pii;domain_sensitive,service_outage;rights_harm;trust_loss,access;privacy;non_discrimination;due_process,domain_specialists;engineers;counsel,open_interop;security_baselines,security_privacy_a11y_review,required_for_claimed_services,federated_multi_operator,planned,1,3,5,framework-only,SD-FOO,false,
D-FOO-013,Sanitation utility bridge,Sanitation,domain.food_agriculture_water_supply,residents_and_institutions,governments_operators_partners,jurisdictional,integration,integrate,jurisdictional_authority,identity;privacy;security;records,pii;domain_sensitive,service_outage;rights_harm;trust_loss,access;privacy;non_discrimination;due_process,domain_specialists;engineers;counsel,open_interop;security_baselines,security_privacy_a11y_review,required_for_claimed_services,federated_multi_operator,planned,1,3,5,hidden-in-J-II,SD-FOO,false,
D-ENE-005,Grid interconnection queue,Interconnection,domain.energy_natural_resources,residents_and_institutions,governments_operators_partners,jurisdictional,domain-specific,leave-to-J,jurisdictional_authority,identity;privacy;security;records,pii;domain_sensitive,service_outage;rights_harm;trust_loss,access;privacy;non_discrimination;due_process,domain_specialists;engineers;counsel,open_interop;security_baselines,security_privacy_a11y_review,required_for_claimed_services,federated_multi_operator,planned,1,3,4,absent,SD-ENE,true,
D-ENE-006,Fuel quality inspection,Fuels,domain.energy_natural_resources,residents_and_institutions,governments_operators_partners,jurisdictional,domain-specific,integrate,jurisdictional_authority,identity;privacy;security;records,pii;domain_sensitive,service_outage;rights_harm;trust_loss,access;privacy;non_discrimination;due_process,domain_specialists;engineers;counsel,open_interop;security_baselines,security_privacy_a11y_review,required_for_claimed_services,federated_multi_operator,planned,1,3,4,absent,SD-ENE,false,
D-ENE-007,Nuclear materials accounting,Nuclear — J/IAEA class only,domain.energy_natural_resources,residents_and_institutions,governments_operators_partners,jurisdictional,domain-specific,prohibit-global-central,jurisdictional_authority,identity;privacy;security;records,pii;domain_sensitive,service_outage;rights_harm;trust_loss,access;privacy;non_discrimination;due_process,domain_specialists;engineers;counsel,open_interop;security_baselines,security_privacy_a11y_review,required_for_claimed_services,federated_multi_operator,planned,0,1,2,absent,SD-ENE,true,
D-ENE-008,Energy poverty subsidy intake,Energy poverty,domain.energy_natural_resources,residents_and_institutions,governments_operators_partners,jurisdictional,domain-specific,reference,jurisdictional_authority,identity;privacy;security;records,pii;domain_sensitive,service_outage;rights_harm;trust_loss,access;privacy;non_discrimination;due_process,domain_specialists;engineers;counsel,open_interop;security_baselines,security_privacy_a11y_review,required_for_claimed_services,federated_multi_operator,planned,2,4,5,framework-only,SD-ENE,false,
D-ENE-009,Critical minerals trade transparency,Minerals,domain.energy_natural_resources,residents_and_institutions,governments_operators_partners,jurisdictional,domain-specific,standards,jurisdictional_authority,identity;privacy;security;records,pii;domain_sensitive,service_outage;rights_harm;trust_loss,access;privacy;non_discrimination;due_process,domain_specialists;engineers;counsel,open_interop;security_baselines,security_privacy_a11y_review,required_for_claimed_services,federated_multi_operator,planned,1,3,4,framework-only,SD-ENE,false,
D-ENE-010,Just transition workforce map,Transition jobs,domain.energy_natural_resources,residents_and_institutions,governments_operators_partners,jurisdictional,domain-specific,reference,jurisdictional_authority,identity;privacy;security;records,pii;domain_sensitive,service_outage;rights_harm;trust_loss,access;privacy;non_discrimination;due_process,domain_specialists;engineers;counsel,open_interop;security_baselines,security_privacy_a11y_review,required_for_claimed_services,federated_multi_operator,planned,2,4,5,framework-only,SD-ENE,false,
D-TRA-006,Driver license credential verify,DL verify,domain.transport_mobility_logistics,residents_and_institutions,governments_operators_partners,jurisdictional,integration,integrate,jurisdictional_authority,identity;privacy;security;records,pii;domain_sensitive,service_outage;rights_harm;trust_loss,access;privacy;non_discrimination;due_process,domain_specialists;engineers;counsel,open_interop;security_baselines,security_privacy_a11y_review,required_for_claimed_services,federated_multi_operator,planned,2,4,5,hidden-in-J-II,SD-TRA,false,
D-TRA-007,Aviation safety occurrence report,Aviation,domain.transport_mobility_logistics,residents_and_institutions,governments_operators_partners,jurisdictional,domain-specific,integrate,jurisdictional_authority,identity;privacy;security;records,pii;domain_sensitive,service_outage;rights_harm;trust_loss,access;privacy;non_discrimination;due_process,domain_specialists;engineers;counsel,open_interop;security_baselines,security_privacy_a11y_review,required_for_claimed_services,federated_multi_operator,planned,1,3,4,absent,SD-TRA,false,
D-TRA-008,Maritime port community system,Ports,domain.transport_mobility_logistics,residents_and_institutions,governments_operators_partners,jurisdictional,integration,integrate,jurisdictional_authority,identity;privacy;security;records,pii;domain_sensitive,service_outage;rights_harm;trust_loss,access;privacy;non_discrimination;due_process,domain_specialists;engineers;counsel,open_interop;security_baselines,security_privacy_a11y_review,required_for_claimed_services,federated_multi_operator,planned,1,3,4,absent,SD-TRA,false,
D-TRA-009,Bike micromobility share data,Micromobility,domain.transport_mobility_logistics,residents_and_institutions,governments_operators_partners,jurisdictional,domain-specific,standards,jurisdictional_authority,identity;privacy;security;records,pii;domain_sensitive,service_outage;rights_harm;trust_loss,access;privacy;non_discrimination;due_process,domain_specialists;engineers;counsel,open_interop;security_baselines,security_privacy_a11y_review,required_for_claimed_services,federated_multi_operator,planned,2,4,5,framework-only,SD-TRA,false,
D-TRA-010,Accessible parking permit registry,Accessible parking,domain.transport_mobility_logistics,residents_and_institutions,governments_operators_partners,jurisdictional,domain-specific,reference,jurisdictional_authority,identity;privacy;security;records,pii;domain_sensitive,service_outage;rights_harm;trust_loss,access;privacy;non_discrimination;due_process,domain_specialists;engineers;counsel,open_interop;security_baselines,security_privacy_a11y_review,required_for_claimed_services,federated_multi_operator,planned,2,4,5,framework-only,SD-TRA,false,
D-TRA-011,Customs transit guarantee,Transit guarantees,domain.transport_mobility_logistics,residents_and_institutions,governments_operators_partners,jurisdictional,integration,integrate,jurisdictional_authority,identity;privacy;security;records,pii;domain_sensitive,service_outage;rights_harm;trust_loss,access;privacy;non_discrimination;due_process,domain_specialists;engineers;counsel,open_interop;security_baselines,security_privacy_a11y_review,required_for_claimed_services,federated_multi_operator,planned,1,3,4,absent,SD-TRA,false,
D-TRA-012,Urban congestion pricing bridge,Congestion,domain.transport_mobility_logistics,residents_and_institutions,governments_operators_partners,jurisdictional,integration,leave-to-J,jurisdictional_authority,identity;privacy;security;records,pii;domain_sensitive,service_outage;rights_harm;trust_loss,access;privacy;non_discrimination;due_process,domain_specialists;engineers;counsel,open_interop;security_baselines,security_privacy_a11y_review,required_for_claimed_services,federated_multi_operator,planned,1,3,4,absent,SD-TRA,true,
D-TRA-013,School bus routing privacy,School transport,domain.transport_mobility_logistics,residents_and_institutions,governments_operators_partners,jurisdictional,domain-specific,standards,jurisdictional_authority,identity;privacy;security;records,pii;domain_sensitive,service_outage;rights_harm;trust_loss,access;privacy;non_discrimination;due_process,domain_specialists;engineers;counsel,open_interop;security_baselines,security_privacy_a11y_review,required_for_claimed_services,federated_multi_operator,planned,1,3,4,framework-only,SD-TRA,false,
D-COM-005,Universal service fund admin,USF,domain.communications_digital_infra,residents_and_institutions,governments_operators_partners,jurisdictional,domain-specific,leave-to-J,jurisdictional_authority,identity;privacy;security;records,pii;domain_sensitive,service_outage;rights_harm;trust_loss,access;privacy;non_discrimination;due_process,domain_specialists;engineers;counsel,open_interop;security_baselines,security_privacy_a11y_review,required_for_claimed_services,federated_multi_operator,planned,1,3,4,absent,SD-COM,true,
D-COM-006,Net neutrality complaint routing,NN complaints,domain.communications_digital_infra,residents_and_institutions,governments_operators_partners,jurisdictional,domain-specific,reference,jurisdictional_authority,identity;privacy;security;records,pii;domain_sensitive,service_outage;rights_harm;trust_loss,access;privacy;non_discrimination;due_process,domain_specialists;engineers;counsel,open_interop;security_baselines,security_privacy_a11y_review,required_for_claimed_services,federated_multi_operator,planned,1,3,4,framework-only,SD-COM,false,
D-COM-007,Emergency number location privacy,E911-class privacy,domain.communications_digital_infra,residents_and_institutions,governments_operators_partners,jurisdictional,domain-specific,standards,jurisdictional_authority,identity;privacy;security;records,pii;domain_sensitive,service_outage;rights_harm;trust_loss,access;privacy;non_discrimination;due_process,domain_specialists;engineers;counsel,open_interop;security_baselines,security_privacy_a11y_review,required_for_claimed_services,federated_multi_operator,planned,2,4,5,framework-only,SD-COM,false,
D-COM-008,Postal address modernization,Addresses,domain.communications_digital_infra,residents_and_institutions,governments_operators_partners,jurisdictional,domain-specific,standards,jurisdictional_authority,identity;privacy;security;records,pii;domain_sensitive,service_outage;rights_harm;trust_loss,access;privacy;non_discrimination;due_process,domain_specialists;engineers;counsel,open_interop;security_baselines,security_privacy_a11y_review,required_for_claimed_services,federated_multi_operator,planned,2,4,5,framework-only,SD-COM,false,
D-COM-009,Content moderation transparency,Platform transparency,domain.communications_digital_infra,residents_and_institutions,governments_operators_partners,jurisdictional,domain-specific,standards,jurisdictional_authority,identity;privacy;security;records,pii;domain_sensitive,service_outage;rights_harm;trust_loss,access;privacy;non_discrimination;due_process,domain_specialists;engineers;counsel,open_interop;security_baselines,security_privacy_a11y_review,required_for_claimed_services,federated_multi_operator,planned,2,4,5,framework-only,SD-COM,false,
D-COM-010,Community radio licensing aid,Community radio,domain.communications_digital_infra,residents_and_institutions,governments_operators_partners,jurisdictional,domain-specific,reference,jurisdictional_authority,identity;privacy;security;records,pii;domain_sensitive,service_outage;rights_harm;trust_loss,access;privacy;non_discrimination;due_process,domain_specialists;engineers;counsel,open_interop;security_baselines,security_privacy_a11y_review,required_for_claimed_services,federated_multi_operator,planned,1,3,4,framework-only,SD-COM,false,
D-ENV-006,EIA case management,Environmental impact,domain.environment_climate_biodiversity_waste,residents_and_institutions,governments_operators_partners,jurisdictional,domain-specific,reference,jurisdictional_authority,identity;privacy;security;records,pii;domain_sensitive,service_outage;rights_harm;trust_loss,access;privacy;non_discrimination;due_process,domain_specialists;engineers;counsel,open_interop;security_baselines,security_privacy_a11y_review,required_for_claimed_services,federated_multi_operator,planned,2,4,5,framework-only,SD-ENV,false,
D-ENV-007,Air quality index publication,AQI,domain.environment_climate_biodiversity_waste,residents_and_institutions,governments_operators_partners,jurisdictional,domain-specific,operate,jurisdictional_authority,identity;privacy;security;records,pii;domain_sensitive,service_outage;rights_harm;trust_loss,access;privacy;non_discrimination;due_process,domain_specialists;engineers;counsel,open_interop;security_baselines,security_privacy_a11y_review,required_for_claimed_services,federated_multi_operator,planned,3,5,6,partial,SD-ENV,false,
D-ENV-008,Water quality monitoring exchange,Water quality,domain.environment_climate_biodiversity_waste,residents_and_institutions,governments_operators_partners,jurisdictional,domain-specific,standards,jurisdictional_authority,identity;privacy;security;records,pii;domain_sensitive,service_outage;rights_harm;trust_loss,access;privacy;non_discrimination;due_process,domain_specialists;engineers;counsel,open_interop;security_baselines,security_privacy_a11y_review,required_for_claimed_services,federated_multi_operator,planned,2,4,5,framework-only,SD-ENV,false,
D-ENV-009,Hazardous waste shipment tracking,Hazwaste,domain.environment_climate_biodiversity_waste,residents_and_institutions,governments_operators_partners,jurisdictional,domain-specific,integrate,jurisdictional_authority,identity;privacy;security;records,pii;domain_sensitive,service_outage;rights_harm;trust_loss,access;privacy;non_discrimination;due_process,domain_specialists;engineers;counsel,open_interop;security_baselines,security_privacy_a11y_review,required_for_claimed_services,federated_multi_operator,planned,1,3,5,framework-only,SD-ENV,false,
D-ENV-010,Circular economy material passport,Material passports,domain.environment_climate_biodiversity_waste,residents_and_institutions,governments_operators_partners,jurisdictional,domain-specific,standards,jurisdictional_authority,identity;privacy;security;records,pii;domain_sensitive,service_outage;rights_harm;trust_loss,access;privacy;non_discrimination;due_process,domain_specialists;engineers;counsel,open_interop;security_baselines,security_privacy_a11y_review,required_for_claimed_services,federated_multi_operator,planned,1,3,5,framework-only,SD-ENV,false,
D-ENV-011,Nature-based solution registry,NbS projects,domain.environment_climate_biodiversity_waste,residents_and_institutions,governments_operators_partners,jurisdictional,domain-specific,reference,jurisdictional_authority,identity;privacy;security;records,pii;domain_sensitive,service_outage;rights_harm;trust_loss,access;privacy;non_discrimination;due_process,domain_specialists;engineers;counsel,open_interop;security_baselines,security_privacy_a11y_review,required_for_claimed_services,federated_multi_operator,planned,2,4,5,framework-only,SD-ENV,false,
D-ENV-012,Invasive species early detection,Invasives,domain.environment_climate_biodiversity_waste,residents_and_institutions,governments_operators_partners,jurisdictional,domain-specific,standards,jurisdictional_authority,identity;privacy;security;records,pii;domain_sensitive,service_outage;rights_harm;trust_loss,access;privacy;non_discrimination;due_process,domain_specialists;engineers;counsel,open_interop;security_baselines,security_privacy_a11y_review,required_for_claimed_services,federated_multi_operator,planned,1,3,4,framework-only,SD-ENV,false,
D-ENV-013,Noise pollution complaint system,Noise,domain.environment_climate_biodiversity_waste,residents_and_institutions,governments_operators_partners,jurisdictional,domain-specific,reference,jurisdictional_authority,identity;privacy;security;records,pii;domain_sensitive,service_outage;rights_harm;trust_loss,access;privacy;non_discrimination;due_process,domain_specialists;engineers;counsel,open_interop;security_baselines,security_privacy_a11y_review,required_for_claimed_services,federated_multi_operator,planned,1,3,4,framework-only,SD-ENV,false,
D-SOC-007,Cash transfer payment orchestration,Cash transfers,domain.social_protection_disability_aging_family,residents_and_institutions,governments_operators_partners,jurisdictional,domain-specific,reference,jurisdictional_authority,identity;privacy;security;records,pii;domain_sensitive,service_outage;rights_harm;trust_loss,access;privacy;non_discrimination;due_process,domain_specialists;engineers;counsel,open_interop;security_baselines,security_privacy_a11y_review,required_for_claimed_services,federated_multi_operator,planned,2,4,6,partial,SD-SOC,false,
D-SOC-008,Means test evidence locker,Means-test evidence,domain.social_protection_disability_aging_family,residents_and_institutions,governments_operators_partners,jurisdictional,domain-specific,reference,jurisdictional_authority,identity;privacy;security;records,pii;domain_sensitive,service_outage;rights_harm;trust_loss,access;privacy;non_discrimination;due_process,domain_specialists;engineers;counsel,open_interop;security_baselines,security_privacy_a11y_review,required_for_claimed_services,federated_multi_operator,planned,2,4,5,framework-only,SD-SOC,false,
D-SOC-009,Elder abuse reporting pathway,Elder abuse,domain.social_protection_disability_aging_family,residents_and_institutions,governments_operators_partners,jurisdictional,domain-specific,reference,jurisdictional_authority,identity;privacy;security;records,highly_sensitive,service_outage;rights_harm;trust_loss,access;privacy;non_discrimination;due_process,domain_specialists;engineers;counsel,open_interop;security_baselines,security_privacy_a11y_review,required_for_claimed_services,federated_multi_operator,planned,2,4,5,framework-only,SD-SOC,false,
D-SOC-010,Foster care case bridge,Foster care — J,domain.social_protection_disability_aging_family,residents_and_institutions,governments_operators_partners,jurisdictional,integration,leave-to-J,jurisdictional_authority,identity;privacy;security;records,highly_sensitive,service_outage;rights_harm;trust_loss,access;privacy;non_discrimination;due_process,domain_specialists;engineers;counsel,open_interop;security_baselines,security_privacy_a11y_review,required_for_claimed_services,federated_multi_operator,planned,1,3,4,absent,SD-SOC,true,
D-SOC-011,Adoption registry bridge,Adoption — J,domain.social_protection_disability_aging_family,residents_and_institutions,governments_operators_partners,jurisdictional,integration,leave-to-J,jurisdictional_authority,identity;privacy;security;records,pii;domain_sensitive,service_outage;rights_harm;trust_loss,access;privacy;non_discrimination;due_process,domain_specialists;engineers;counsel,open_interop;security_baselines,security_privacy_a11y_review,required_for_claimed_services,federated_multi_operator,planned,0,2,4,absent,SD-SOC,true,
D-SOC-012,Disability assistive tech voucher,AT vouchers,domain.social_protection_disability_aging_family,residents_and_institutions,governments_operators_partners,jurisdictional,domain-specific,reference,jurisdictional_authority,identity;privacy;security;records,pii;domain_sensitive,service_outage;rights_harm;trust_loss,access;privacy;non_discrimination;due_process,domain_specialists;engineers;counsel,open_interop;security_baselines,security_privacy_a11y_review,required_for_claimed_services,federated_multi_operator,planned,2,4,5,framework-only,SD-SOC,false,
D-SOC-013,Long-term care facility registry,LTC facilities,domain.social_protection_disability_aging_family,residents_and_institutions,governments_operators_partners,jurisdictional,domain-specific,integrate,jurisdictional_authority,identity;privacy;security;records,pii;domain_sensitive,service_outage;rights_harm;trust_loss,access;privacy;non_discrimination;due_process,domain_specialists;engineers;counsel,open_interop;security_baselines,security_privacy_a11y_review,required_for_claimed_services,federated_multi_operator,planned,1,3,5,hidden-in-J-II,SD-SOC,false,
D-SOC-014,Family leave benefits bridge,Family leave,domain.social_protection_disability_aging_family,residents_and_institutions,governments_operators_partners,jurisdictional,integration,integrate,jurisdictional_authority,identity;privacy;security;records,pii;domain_sensitive,service_outage;rights_harm;trust_loss,access;privacy;non_discrimination;due_process,domain_specialists;engineers;counsel,open_interop;security_baselines,security_privacy_a11y_review,required_for_claimed_services,federated_multi_operator,planned,1,3,5,hidden-in-J-II,SD-SOC,false,
D-SOC-015,Social service case continuity,Case continuity,domain.social_protection_disability_aging_family,residents_and_institutions,governments_operators_partners,jurisdictional,domain-specific,reference,jurisdictional_authority,identity;privacy;security;records,pii;domain_sensitive,service_outage;rights_harm;trust_loss,access;privacy;non_discrimination;due_process,domain_specialists;engineers;counsel,open_interop;security_baselines,security_privacy_a11y_review,required_for_claimed_services,federated_multi_operator,planned,2,4,5,framework-only,SD-SOC,false,
D-JUS-008,Bail bond conditions registry,Bail — J,domain.justice_public_safety_corrections,residents_and_institutions,governments_operators_partners,jurisdictional,domain-specific,leave-to-J,jurisdictional_authority,identity;privacy;security;records,pii;domain_sensitive,service_outage;rights_harm;trust_loss,access;privacy;non_discrimination;due_process,domain_specialists;engineers;counsel,open_interop;security_baselines,security_privacy_a11y_review,required_for_claimed_services,federated_multi_operator,planned,0,2,3,absent,SD-JUS,true,
D-JUS-009,Public defender assignment,Defense counsel,domain.justice_public_safety_corrections,residents_and_institutions,governments_operators_partners,jurisdictional,domain-specific,reference,jurisdictional_authority,identity;privacy;security;records,pii;domain_sensitive,service_outage;rights_harm;trust_loss,access;privacy;non_discrimination;due_process,domain_specialists;engineers;counsel,open_interop;security_baselines,security_privacy_a11y_review,required_for_claimed_services,federated_multi_operator,planned,1,3,5,framework-only,SD-JUS,false,
D-JUS-010,Jury management bridge,Juries,domain.justice_public_safety_corrections,residents_and_institutions,governments_operators_partners,jurisdictional,integration,leave-to-J,jurisdictional_authority,identity;privacy;security;records,pii;domain_sensitive,service_outage;rights_harm;trust_loss,access;privacy;non_discrimination;due_process,domain_specialists;engineers;counsel,open_interop;security_baselines,security_privacy_a11y_review,required_for_claimed_services,federated_multi_operator,planned,0,2,3,absent,SD-JUS,true,
D-JUS-011,Forensic lab evidence custody,Forensics — J,domain.justice_public_safety_corrections,residents_and_institutions,governments_operators_partners,jurisdictional,domain-specific,leave-to-J,jurisdictional_authority,identity;privacy;security;records,pii;domain_sensitive,service_outage;rights_harm;trust_loss,access;privacy;non_discrimination;due_process,domain_specialists;engineers;counsel,open_interop;security_baselines,security_privacy_a11y_review,required_for_claimed_services,federated_multi_operator,planned,0,2,3,absent,SD-JUS,true,
D-JUS-012,Prisoner rehabilitation programs,Rehab programs,domain.justice_public_safety_corrections,residents_and_institutions,governments_operators_partners,jurisdictional,domain-specific,reference,jurisdictional_authority,identity;privacy;security;records,pii;domain_sensitive,service_outage;rights_harm;trust_loss,access;privacy;non_discrimination;due_process,domain_specialists;engineers;counsel,open_interop;security_baselines,security_privacy_a11y_review,required_for_claimed_services,federated_multi_operator,planned,1,3,4,framework-only,SD-JUS,false,
D-JUS-013,Juvenile justice privacy vault,Juvenile — heightened,domain.justice_public_safety_corrections,residents_and_institutions,governments_operators_partners,jurisdictional,domain-specific,leave-to-J,jurisdictional_authority,identity;privacy;security;records,highly_sensitive,service_outage;rights_harm;trust_loss,access;privacy;non_discrimination;due_process,domain_specialists;engineers;counsel,open_interop;security_baselines,security_privacy_a11y_review,required_for_claimed_services,federated_multi_operator,planned,0,2,4,absent,SD-JUS,true,
D-JUS-014,Civil small claims e-filing,Small claims,domain.justice_public_safety_corrections,residents_and_institutions,governments_operators_partners,jurisdictional,domain-specific,multi-impl,jurisdictional_authority,identity;privacy;security;records,pii;domain_sensitive,service_outage;rights_harm;trust_loss,access;privacy;non_discrimination;due_process,domain_specialists;engineers;counsel,open_interop;security_baselines,security_privacy_a11y_review,required_for_claimed_services,federated_multi_operator,planned,2,4,5,framework-only,SD-JUS,false,
D-JUS-015,Warrant service privacy limits,Warrants — no global DB,domain.justice_public_safety_corrections,residents_and_institutions,governments_operators_partners,jurisdictional,domain-specific,prohibit-global-central,jurisdictional_authority,identity;privacy;security;records,pii;domain_sensitive,service_outage;rights_harm;trust_loss,access;privacy;non_discrimination;due_process,domain_specialists;engineers;counsel,open_interop;security_baselines,security_privacy_a11y_review,required_for_claimed_services,federated_multi_operator,planned,0,1,2,absent,SD-JUS,true,
D-JUS-016,Fire EMS mutual aid agreements,Mutual aid,domain.justice_public_safety_corrections,residents_and_institutions,governments_operators_partners,jurisdictional,domain-specific,standards,jurisdictional_authority,identity;privacy;security;records,pii;domain_sensitive,service_outage;rights_harm;trust_loss,access;privacy;non_discrimination;due_process,domain_specialists;engineers;counsel,open_interop;security_baselines,security_privacy_a11y_review,required_for_claimed_services,federated_multi_operator,planned,2,4,5,framework-only,SD-JUS,false,
D-RGT-006,Equality impact assessment toolkit,EqIA,domain.civil_human_rights_equality,residents_and_institutions,governments_operators_partners,jurisdictional,domain-specific,standards,jurisdictional_authority,identity;privacy;security;records,pii;domain_sensitive,service_outage;rights_harm;trust_loss,access;privacy;non_discrimination;due_process,domain_specialists;engineers;counsel,open_interop;security_baselines,security_privacy_a11y_review,required_for_claimed_services,federated_multi_operator,planned,2,4,5,framework-only,SD-RGT,false,
D-RGT-007,Hate crime reporting pathway,Hate crime reports,domain.civil_human_rights_equality,residents_and_institutions,governments_operators_partners,jurisdictional,domain-specific,reference,jurisdictional_authority,identity;privacy;security;records,pii;domain_sensitive,service_outage;rights_harm;trust_loss,access;privacy;non_discrimination;due_process,domain_specialists;engineers;counsel,open_interop;security_baselines,security_privacy_a11y_review,required_for_claimed_services,federated_multi_operator,planned,1,3,5,framework-only,SD-RGT,false,
D-RGT-008,Privacy rights request portal,DSAR-class,domain.civil_human_rights_equality,residents_and_institutions,governments_operators_partners,jurisdictional,domain-specific,operate,jurisdictional_authority,identity;privacy;security;records,pii;domain_sensitive,service_outage;rights_harm;trust_loss,access;privacy;non_discrimination;due_process,domain_specialists;engineers;counsel,open_interop;security_baselines,security_privacy_a11y_review,required_for_claimed_services,federated_multi_operator,planned,3,5,6,partial,SD-RGT,false,
D-RGT-009,Freedom of assembly permit aid,Assembly permits,domain.civil_human_rights_equality,residents_and_institutions,governments_operators_partners,jurisdictional,domain-specific,reference,jurisdictional_authority,identity;privacy;security;records,pii;domain_sensitive,service_outage;rights_harm;trust_loss,access;privacy;non_discrimination;due_process,domain_specialists;engineers;counsel,open_interop;security_baselines,security_privacy_a11y_review,required_for_claimed_services,federated_multi_operator,planned,1,3,4,framework-only,SD-RGT,false,
D-RGT-010,Indigenous rights FPIC workflow,FPIC,domain.civil_human_rights_equality,residents_and_institutions,governments_operators_partners,jurisdictional,domain-specific,standards,jurisdictional_authority,identity;privacy;security;records,pii;domain_sensitive,service_outage;rights_harm;trust_loss,access;privacy;non_discrimination;due_process,domain_specialists;engineers;counsel,open_interop;security_baselines,security_privacy_a11y_review,required_for_claimed_services,federated_multi_operator,planned,2,4,5,framework-only,SD-RGT,true,
D-RGT-011,Child rights monitoring indicators,Child rights,domain.civil_human_rights_equality,residents_and_institutions,governments_operators_partners,jurisdictional,domain-specific,standards,jurisdictional_authority,identity;privacy;security;records,pii;domain_sensitive,service_outage;rights_harm;trust_loss,access;privacy;non_discrimination;due_process,domain_specialists;engineers;counsel,open_interop;security_baselines,security_privacy_a11y_review,required_for_claimed_services,federated_multi_operator,planned,2,4,5,framework-only,SD-RGT,false,
D-RGT-012,Detention monitoring visit logs,Detention monitors,domain.civil_human_rights_equality,residents_and_institutions,governments_operators_partners,jurisdictional,domain-specific,reference,jurisdictional_authority,identity;privacy;security;records,pii;domain_sensitive,service_outage;rights_harm;trust_loss,access;privacy;non_discrimination;due_process,domain_specialists;engineers;counsel,open_interop;security_baselines,security_privacy_a11y_review,required_for_claimed_services,federated_multi_operator,planned,1,3,4,framework-only,SD-RGT,false,
D-MIG-006,Work permit sponsorship cases,Work permits,domain.migration_residency_citizenship_refugees,residents_and_institutions,governments_operators_partners,jurisdictional,domain-specific,reference,jurisdictional_authority,identity;privacy;security;records,pii;domain_sensitive,service_outage;rights_harm;trust_loss,access;privacy;non_discrimination;due_process,domain_specialists;engineers;counsel,open_interop;security_baselines,security_privacy_a11y_review,required_for_claimed_services,federated_multi_operator,planned,2,4,5,framework-only,SD-MIG,false,
D-MIG-007,Family reunification case aid,Family reunification,domain.migration_residency_citizenship_refugees,residents_and_institutions,governments_operators_partners,jurisdictional,domain-specific,reference,jurisdictional_authority,identity;privacy;security;records,pii;domain_sensitive,service_outage;rights_harm;trust_loss,access;privacy;non_discrimination;due_process,domain_specialists;engineers;counsel,open_interop;security_baselines,security_privacy_a11y_review,required_for_claimed_services,federated_multi_operator,planned,1,3,5,framework-only,SD-MIG,false,
D-MIG-008,Naturalization civic education,Civic education,domain.migration_residency_citizenship_refugees,residents_and_institutions,governments_operators_partners,jurisdictional,domain-specific,reference,jurisdictional_authority,identity;privacy;security;records,pii;domain_sensitive,service_outage;rights_harm;trust_loss,access;privacy;non_discrimination;due_process,domain_specialists;engineers;counsel,open_interop;security_baselines,security_privacy_a11y_review,required_for_claimed_services,federated_multi_operator,planned,2,4,5,framework-only,SD-MIG,false,
D-MIG-009,Temporary protection status,TPS-class,domain.migration_residency_citizenship_refugees,residents_and_institutions,governments_operators_partners,jurisdictional,domain-specific,leave-to-J,jurisdictional_authority,identity;privacy;security;records,pii;domain_sensitive,service_outage;rights_harm;trust_loss,access;privacy;non_discrimination;due_process,domain_specialists;engineers;counsel,open_interop;security_baselines,security_privacy_a11y_review,required_for_claimed_services,federated_multi_operator,planned,1,3,4,framework-only,SD-MIG,true,
D-MIG-010,Remittance identity friction reduce,Remittance KYC friction,domain.migration_residency_citizenship_refugees,residents_and_institutions,governments_operators_partners,jurisdictional,domain-specific,standards,jurisdictional_authority,identity;privacy;security;records,pii;domain_sensitive,service_outage;rights_harm;trust_loss,access;privacy;non_discrimination;due_process,domain_specialists;engineers;counsel,open_interop;security_baselines,security_privacy_a11y_review,required_for_claimed_services,federated_multi_operator,planned,2,4,5,framework-only,SD-MIG,false,
D-MIG-011,Lost passport emergency aid,Emergency docs,domain.migration_residency_citizenship_refugees,residents_and_institutions,governments_operators_partners,jurisdictional,domain-specific,reference,jurisdictional_authority,identity;privacy;security;records,pii;domain_sensitive,service_outage;rights_harm;trust_loss,access;privacy;non_discrimination;due_process,domain_specialists;engineers;counsel,open_interop;security_baselines,security_privacy_a11y_review,required_for_claimed_services,federated_multi_operator,planned,2,4,5,framework-only,SD-MIG,false,
D-MIG-012,Immigration detention visitation,Detention visits,domain.migration_residency_citizenship_refugees,residents_and_institutions,governments_operators_partners,jurisdictional,domain-specific,leave-to-J,jurisdictional_authority,identity;privacy;security;records,pii;domain_sensitive,service_outage;rights_harm;trust_loss,access;privacy;non_discrimination;due_process,domain_specialists;engineers;counsel,open_interop;security_baselines,security_privacy_a11y_review,required_for_claimed_services,federated_multi_operator,planned,0,2,4,absent,SD-MIG,true,
D-EMR-006,Multi-hazard risk atlas,Risk atlas,domain.emergency_disaster_humanitarian,residents_and_institutions,governments_operators_partners,jurisdictional,domain-specific,operate,jurisdictional_authority,identity;privacy;security;records,pii;domain_sensitive,service_outage;rights_harm;trust_loss,access;privacy;non_discrimination;due_process,domain_specialists;engineers;counsel,open_interop;security_baselines,security_privacy_a11y_review,required_for_claimed_services,federated_multi_operator,planned,2,4,5,framework-only,SD-EMR,false,
D-EMR-007,Search rescue volunteer roster,SAR volunteers,domain.emergency_disaster_humanitarian,residents_and_institutions,governments_operators_partners,jurisdictional,domain-specific,reference,jurisdictional_authority,identity;privacy;security;records,pii;domain_sensitive,service_outage;rights_harm;trust_loss,access;privacy;non_discrimination;due_process,domain_specialists;engineers;counsel,open_interop;security_baselines,security_privacy_a11y_review,required_for_claimed_services,federated_multi_operator,planned,2,4,5,framework-only,SD-EMR,false,
D-EMR-008,Dead body identification privacy,DVI privacy,domain.emergency_disaster_humanitarian,residents_and_institutions,governments_operators_partners,jurisdictional,domain-specific,standards,jurisdictional_authority,identity;privacy;security;records,highly_sensitive,service_outage;rights_harm;trust_loss,access;privacy;non_discrimination;due_process,domain_specialists;engineers;counsel,open_interop;security_baselines,security_privacy_a11y_review,required_for_claimed_services,federated_multi_operator,planned,1,3,4,absent,SD-EMR,false,
D-EMR-009,Cash voucher assistance delivery,CVA,domain.emergency_disaster_humanitarian,residents_and_institutions,governments_operators_partners,jurisdictional,domain-specific,reference,jurisdictional_authority,identity;privacy;security;records,pii;domain_sensitive,service_outage;rights_harm;trust_loss,access;privacy;non_discrimination;due_process,domain_specialists;engineers;counsel,open_interop;security_baselines,security_privacy_a11y_review,required_for_claimed_services,federated_multi_operator,planned,2,4,5,framework-only,SD-EMR,false,
D-EMR-010,Epidemic surge bed capacity,Surge capacity,domain.emergency_disaster_humanitarian,residents_and_institutions,governments_operators_partners,jurisdictional,domain-specific,reference,jurisdictional_authority,identity;privacy;security;records,pii;domain_sensitive,service_outage;rights_harm;trust_loss,access;privacy;non_discrimination;due_process,domain_specialists;engineers;counsel,open_interop;security_baselines,security_privacy_a11y_review,required_for_claimed_services,federated_multi_operator,planned,2,4,5,framework-only,SD-EMR,false,
D-EMR-011,Cross-border relief corridor,Relief corridors,domain.emergency_disaster_humanitarian,residents_and_institutions,governments_operators_partners,jurisdictional,domain-specific,standards,jurisdictional_authority,identity;privacy;security;records,pii;domain_sensitive,service_outage;rights_harm;trust_loss,access;privacy;non_discrimination;due_process,domain_specialists;engineers;counsel,open_interop;security_baselines,security_privacy_a11y_review,required_for_claimed_services,federated_multi_operator,planned,1,3,5,framework-only,SD-EMR,false,
D-EMR-012,Business continuity mutual aid,BCP mutual aid,domain.emergency_disaster_humanitarian,residents_and_institutions,governments_operators_partners,jurisdictional,domain-specific,standards,jurisdictional_authority,identity;privacy;security;records,pii;domain_sensitive,service_outage;rights_harm;trust_loss,access;privacy;non_discrimination;due_process,domain_specialists;engineers;counsel,open_interop;security_baselines,security_privacy_a11y_review,required_for_claimed_services,federated_multi_operator,planned,2,4,5,framework-only,SD-EMR,false,
D-CUL-005,Museum collection catalog interop,Museums,domain.culture_media_language_heritage,residents_and_institutions,governments_operators_partners,jurisdictional,integration,standards,jurisdictional_authority,identity;privacy;security;records,pii;domain_sensitive,service_outage;rights_harm;trust_loss,access;privacy;non_discrimination;due_process,domain_specialists;engineers;counsel,open_interop;security_baselines,security_privacy_a11y_review,required_for_claimed_services,federated_multi_operator,planned,1,3,5,framework-only,SD-CUL,false,
D-CUL-006,Endangered language archive,Language archives,domain.culture_media_language_heritage,residents_and_institutions,governments_operators_partners,jurisdictional,domain-specific,operate,jurisdictional_authority,identity;privacy;security;records,pii;domain_sensitive,service_outage;rights_harm;trust_loss,access;privacy;non_discrimination;due_process,domain_specialists;engineers;counsel,open_interop;security_baselines,security_privacy_a11y_review,required_for_claimed_services,federated_multi_operator,planned,2,4,6,partial,SD-CUL,false,
D-CUL-007,Press freedom incident monitor,Press freedom,domain.culture_media_language_heritage,residents_and_institutions,governments_operators_partners,jurisdictional,domain-specific,reference,jurisdictional_authority,identity;privacy;security;records,pii;domain_sensitive,service_outage;rights_harm;trust_loss,access;privacy;non_discrimination;due_process,domain_specialists;engineers;counsel,open_interop;security_baselines,security_privacy_a11y_review,required_for_claimed_services,federated_multi_operator,planned,1,3,4,framework-only,SD-CUL,false,
D-CUL-008,Cultural property restitution cases,Restitution,domain.culture_media_language_heritage,residents_and_institutions,governments_operators_partners,jurisdictional,domain-specific,reference,jurisdictional_authority,identity;privacy;security;records,pii;domain_sensitive,service_outage;rights_harm;trust_loss,access;privacy;non_discrimination;due_process,domain_specialists;engineers;counsel,open_interop;security_baselines,security_privacy_a11y_review,required_for_claimed_services,federated_multi_operator,planned,1,3,4,framework-only,SD-CUL,false,
D-CUL-009,Public library digital lending,E-lending,domain.culture_media_language_heritage,residents_and_institutions,governments_operators_partners,jurisdictional,domain-specific,multi-impl,jurisdictional_authority,identity;privacy;security;records,pii;domain_sensitive,service_outage;rights_harm;trust_loss,access;privacy;non_discrimination;due_process,domain_specialists;engineers;counsel,open_interop;security_baselines,security_privacy_a11y_review,required_for_claimed_services,federated_multi_operator,planned,2,4,5,framework-only,SD-CUL,false,
D-CUL-010,Festival permit case system,Festivals,domain.culture_media_language_heritage,residents_and_institutions,governments_operators_partners,jurisdictional,domain-specific,reference,jurisdictional_authority,identity;privacy;security;records,pii;domain_sensitive,service_outage;rights_harm;trust_loss,access;privacy;non_discrimination;due_process,domain_specialists;engineers;counsel,open_interop;security_baselines,security_privacy_a11y_review,required_for_claimed_services,federated_multi_operator,planned,2,4,5,framework-only,SD-CUL,false,
D-IND-005,Professional board licensing,Boards,domain.industry_business_licensing_regulation,residents_and_institutions,governments_operators_partners,jurisdictional,domain-specific,integrate,jurisdictional_authority,identity;privacy;security;records,pii;domain_sensitive,service_outage;rights_harm;trust_loss,access;privacy;non_discrimination;due_process,domain_specialists;engineers;counsel,open_interop;security_baselines,security_privacy_a11y_review,required_for_claimed_services,federated_multi_operator,planned,2,4,5,hidden-in-J-II,SD-IND,false,
D-IND-006,Hazardous facility permitting,Haz facilities,domain.industry_business_licensing_regulation,residents_and_institutions,governments_operators_partners,jurisdictional,domain-specific,reference,jurisdictional_authority,identity;privacy;security;records,pii;domain_sensitive,service_outage;rights_harm;trust_loss,access;privacy;non_discrimination;due_process,domain_specialists;engineers;counsel,open_interop;security_baselines,security_privacy_a11y_review,required_for_claimed_services,federated_multi_operator,planned,1,3,5,framework-only,SD-IND,false,
D-IND-007,Metrology weights measures,Weights/measures,domain.industry_business_licensing_regulation,residents_and_institutions,governments_operators_partners,jurisdictional,domain-specific,integrate,jurisdictional_authority,identity;privacy;security;records,pii;domain_sensitive,service_outage;rights_harm;trust_loss,access;privacy;non_discrimination;due_process,domain_specialists;engineers;counsel,open_interop;security_baselines,security_privacy_a11y_review,required_for_claimed_services,federated_multi_operator,planned,1,3,5,framework-only,SD-IND,false,
D-IND-008,Import product safety holds,Import holds,domain.industry_business_licensing_regulation,residents_and_institutions,governments_operators_partners,jurisdictional,domain-specific,integrate,jurisdictional_authority,identity;privacy;security;records,pii;domain_sensitive,service_outage;rights_harm;trust_loss,access;privacy;non_discrimination;due_process,domain_specialists;engineers;counsel,open_interop;security_baselines,security_privacy_a11y_review,required_for_claimed_services,federated_multi_operator,planned,1,3,5,framework-only,SD-IND,false,
D-IND-009,Cooperative formation wizard,Coop formation,domain.industry_business_licensing_regulation,residents_and_institutions,governments_operators_partners,jurisdictional,domain-specific,reference,jurisdictional_authority,identity;privacy;security;records,pii;domain_sensitive,service_outage;rights_harm;trust_loss,access;privacy;non_discrimination;due_process,domain_specialists;engineers;counsel,open_interop;security_baselines,security_privacy_a11y_review,required_for_claimed_services,federated_multi_operator,planned,2,4,5,framework-only,SD-IND,false,
D-IND-010,Sandbox regulatory experiment,Reg sandboxes,domain.industry_business_licensing_regulation,residents_and_institutions,governments_operators_partners,jurisdictional,domain-specific,reference,jurisdictional_authority,identity;privacy;security;records,pii;domain_sensitive,service_outage;rights_harm;trust_loss,access;privacy;non_discrimination;due_process,domain_specialists;engineers;counsel,open_interop;security_baselines,security_privacy_a11y_review,required_for_claimed_services,federated_multi_operator,planned,2,4,5,framework-only,SD-IND,false,
D-CON-004,Warranty claim routing,Warranties,domain.consumer_protection_product_safety,residents_and_institutions,governments_operators_partners,jurisdictional,domain-specific,reference,jurisdictional_authority,identity;privacy;security;records,pii;domain_sensitive,service_outage;rights_harm;trust_loss,access;privacy;non_discrimination;due_process,domain_specialists;engineers;counsel,open_interop;security_baselines,security_privacy_a11y_review,required_for_claimed_services,federated_multi_operator,planned,2,4,5,framework-only,SD-CON,false,
D-CON-005,Dark pattern complaint taxonomy,Dark patterns,domain.consumer_protection_product_safety,residents_and_institutions,governments_operators_partners,jurisdictional,domain-specific,standards,jurisdictional_authority,identity;privacy;security;records,pii;domain_sensitive,service_outage;rights_harm;trust_loss,access;privacy;non_discrimination;due_process,domain_specialists;engineers;counsel,open_interop;security_baselines,security_privacy_a11y_review,required_for_claimed_services,federated_multi_operator,planned,2,4,5,framework-only,SD-CON,false,
D-CON-006,Toy product safety registry,Toys,domain.consumer_protection_product_safety,residents_and_institutions,governments_operators_partners,jurisdictional,domain-specific,integrate,jurisdictional_authority,identity;privacy;security;records,pii;domain_sensitive,service_outage;rights_harm;trust_loss,access;privacy;non_discrimination;due_process,domain_specialists;engineers;counsel,open_interop;security_baselines,security_privacy_a11y_review,required_for_claimed_services,federated_multi_operator,planned,1,3,5,framework-only,SD-CON,false,
D-CON-007,Food allergen labeling enforce,Allergen labels,domain.consumer_protection_product_safety,residents_and_institutions,governments_operators_partners,jurisdictional,domain-specific,standards,jurisdictional_authority,identity;privacy;security;records,pii;domain_sensitive,service_outage;rights_harm;trust_loss,access;privacy;non_discrimination;due_process,domain_specialists;engineers;counsel,open_interop;security_baselines,security_privacy_a11y_review,required_for_claimed_services,federated_multi_operator,planned,2,4,5,framework-only,SD-CON,false,
D-CON-008,Online marketplace seller trust,Seller trust,domain.consumer_protection_product_safety,residents_and_institutions,governments_operators_partners,jurisdictional,domain-specific,multi-impl,jurisdictional_authority,identity;privacy;security;records,pii;domain_sensitive,service_outage;rights_harm;trust_loss,access;privacy;non_discrimination;due_process,domain_specialists;engineers;counsel,open_interop;security_baselines,security_privacy_a11y_review,required_for_claimed_services,federated_multi_operator,planned,2,4,5,framework-only,SD-CON,false,
D-CON-009,Class action notice publication,Class notices,domain.consumer_protection_product_safety,residents_and_institutions,governments_operators_partners,jurisdictional,domain-specific,standards,jurisdictional_authority,identity;privacy;security;records,pii;domain_sensitive,service_outage;rights_harm;trust_loss,access;privacy;non_discrimination;due_process,domain_specialists;engineers;counsel,open_interop;security_baselines,security_privacy_a11y_review,required_for_claimed_services,federated_multi_operator,planned,1,3,4,framework-only,SD-CON,false,
D-DEF-005,Civilian casualty reporting civil,Civil reporting,domain.defense_peace_security_conflict,residents_and_institutions,governments_operators_partners,jurisdictional,domain-specific,standards,jurisdictional_authority,identity;privacy;security;records,pii;domain_sensitive,service_outage;rights_harm;trust_loss,access;privacy;non_discrimination;due_process,domain_specialists;engineers;counsel,open_interop;security_baselines,security_privacy_a11y_review,required_for_claimed_services,federated_multi_operator,planned,0,2,3,absent,SD-DEF,false,
D-DEF-006,Demining clearance registry,Demining,domain.defense_peace_security_conflict,residents_and_institutions,governments_operators_partners,jurisdictional,domain-specific,reference,jurisdictional_authority,identity;privacy;security;records,pii;domain_sensitive,service_outage;rights_harm;trust_loss,access;privacy;non_discrimination;due_process,domain_specialists;engineers;counsel,open_interop;security_baselines,security_privacy_a11y_review,required_for_claimed_services,federated_multi_operator,planned,1,3,4,framework-only,SD-DEF,false,
D-DEF-007,Veterans benefits bridge,Veterans,domain.defense_peace_security_conflict,residents_and_institutions,governments_operators_partners,jurisdictional,integration,integrate,jurisdictional_authority,identity;privacy;security;records,pii;domain_sensitive,service_outage;rights_harm;trust_loss,access;privacy;non_discrimination;due_process,domain_specialists;engineers;counsel,open_interop;security_baselines,security_privacy_a11y_review,required_for_claimed_services,federated_multi_operator,planned,1,3,5,hidden-in-J-II,SD-DEF,false,
D-DEF-008,Cyber defense coordination civil,Civil cyber only,domain.defense_peace_security_conflict,residents_and_institutions,governments_operators_partners,jurisdictional,domain-specific,standards,jurisdictional_authority,identity;privacy;security;records,pii;domain_sensitive,service_outage;rights_harm;trust_loss,access;privacy;non_discrimination;due_process,domain_specialists;engineers;counsel,open_interop;security_baselines,security_privacy_a11y_review,required_for_claimed_services,federated_multi_operator,planned,2,4,5,framework-only,SD-DEF,false,
D-DEF-009,Conflict early warning open source,Open-source early warning,domain.defense_peace_security_conflict,residents_and_institutions,governments_operators_partners,jurisdictional,domain-specific,reference,jurisdictional_authority,identity;privacy;security;records,pii;domain_sensitive,service_outage;rights_harm;trust_loss,access;privacy;non_discrimination;due_process,domain_specialists;engineers;counsel,open_interop;security_baselines,security_privacy_a11y_review,required_for_claimed_services,federated_multi_operator,planned,1,3,4,framework-only,SD-DEF,false,
D-INT-004,Treaty ratification tracker,Treaties — non-authoritative,domain.international_relations_treaties,residents_and_institutions,governments_operators_partners,jurisdictional,domain-specific,standards,jurisdictional_authority,identity;privacy;security;records,pii;domain_sensitive,service_outage;rights_harm;trust_loss,access;privacy;non_discrimination;due_process,domain_specialists;engineers;counsel,open_interop;security_baselines,security_privacy_a11y_review,required_for_claimed_services,federated_multi_operator,planned,1,3,4,framework-only,SD-INT,false,
D-INT-005,Consular assistance case aid,Consular,domain.international_relations_treaties,residents_and_institutions,governments_operators_partners,jurisdictional,domain-specific,reference,jurisdictional_authority,identity;privacy;security;records,pii;domain_sensitive,service_outage;rights_harm;trust_loss,access;privacy;non_discrimination;due_process,domain_specialists;engineers;counsel,open_interop;security_baselines,security_privacy_a11y_review,required_for_claimed_services,federated_multi_operator,planned,1,3,4,framework-only,SD-INT,false,
D-INT-006,International organization roster,IO roster,domain.international_relations_treaties,residents_and_institutions,governments_operators_partners,jurisdictional,domain-specific,standards,jurisdictional_authority,identity;privacy;security;records,pii;domain_sensitive,service_outage;rights_harm;trust_loss,access;privacy;non_discrimination;due_process,domain_specialists;engineers;counsel,open_interop;security_baselines,security_privacy_a11y_review,required_for_claimed_services,federated_multi_operator,planned,2,4,5,framework-only,SD-INT,false,
D-INT-007,Cross-border data transfer catalogs,Transfer catalogs,domain.international_relations_treaties,residents_and_institutions,governments_operators_partners,jurisdictional,domain-specific,standards,jurisdictional_authority,identity;privacy;security;records,pii;domain_sensitive,service_outage;rights_harm;trust_loss,access;privacy;non_discrimination;due_process,domain_specialists;engineers;counsel,open_interop;security_baselines,security_privacy_a11y_review,required_for_claimed_services,federated_multi_operator,planned,2,4,6,partial,SD-INT,false,
D-INT-008,Extradition case interface limits,Extradition — J only,domain.international_relations_treaties,residents_and_institutions,governments_operators_partners,jurisdictional,domain-specific,prohibit-global-central,jurisdictional_authority,identity;privacy;security;records,pii;domain_sensitive,service_outage;rights_harm;trust_loss,access;privacy;non_discrimination;due_process,domain_specialists;engineers;counsel,open_interop;security_baselines,security_privacy_a11y_review,required_for_claimed_services,federated_multi_operator,planned,0,1,2,absent,SD-INT,true,
D-ELE-006,Petition initiative signature verify,Petitions,domain.elections_representation_legislation_admin,residents_and_institutions,governments_operators_partners,jurisdictional,domain-specific,multi-impl,jurisdictional_authority,identity;privacy;security;records,pii;domain_sensitive,service_outage;rights_harm;trust_loss,access;privacy;non_discrimination;due_process,domain_specialists;engineers;counsel,open_interop;security_baselines,security_privacy_a11y_review,required_for_claimed_services,federated_multi_operator,planned,2,4,5,framework-only,SD-ELE,false,
D-ELE-007,Legislative bill drafting aid,Bill drafting,domain.elections_representation_legislation_admin,residents_and_institutions,governments_operators_partners,jurisdictional,domain-specific,reference,jurisdictional_authority,identity;privacy;security;records,pii;domain_sensitive,service_outage;rights_harm;trust_loss,access;privacy;non_discrimination;due_process,domain_specialists;engineers;counsel,open_interop;security_baselines,security_privacy_a11y_review,required_for_claimed_services,federated_multi_operator,planned,2,4,5,framework-only,SD-ELE,false,
D-ELE-008,Committee hearing publication,Hearings,domain.elections_representation_legislation_admin,residents_and_institutions,governments_operators_partners,jurisdictional,domain-specific,standards,jurisdictional_authority,identity;privacy;security;records,pii;domain_sensitive,service_outage;rights_harm;trust_loss,access;privacy;non_discrimination;due_process,domain_specialists;engineers;counsel,open_interop;security_baselines,security_privacy_a11y_review,required_for_claimed_services,federated_multi_operator,planned,2,4,5,framework-only,SD-ELE,false,
D-ELE-009,Lobbying disclosure registry,Lobbying,domain.elections_representation_legislation_admin,residents_and_institutions,governments_operators_partners,jurisdictional,domain-specific,reference,jurisdictional_authority,identity;privacy;security;records,pii;domain_sensitive,service_outage;rights_harm;trust_loss,access;privacy;non_discrimination;due_process,domain_specialists;engineers;counsel,open_interop;security_baselines,security_privacy_a11y_review,required_for_claimed_services,federated_multi_operator,planned,1,3,5,framework-only,SD-ELE,false,
D-ELE-010,Public procurement integrity red flags,Procurement red flags,domain.elections_representation_legislation_admin,residents_and_institutions,governments_operators_partners,jurisdictional,domain-specific,standards,jurisdictional_authority,identity;privacy;security;records,pii;domain_sensitive,service_outage;rights_harm;trust_loss,access;privacy;non_discrimination;due_process,domain_specialists;engineers;counsel,open_interop;security_baselines,security_privacy_a11y_review,required_for_claimed_services,federated_multi_operator,planned,2,4,5,framework-only,SD-ELE,false,
D-ELE-011,Civil service ethics disclosure,Ethics disclosures,domain.elections_representation_legislation_admin,residents_and_institutions,governments_operators_partners,jurisdictional,domain-specific,reference,jurisdictional_authority,identity;privacy;security;records,pii;domain_sensitive,service_outage;rights_harm;trust_loss,access;privacy;non_discrimination;due_process,domain_specialists;engineers;counsel,open_interop;security_baselines,security_privacy_a11y_review,required_for_claimed_services,federated_multi_operator,planned,2,4,5,framework-only,SD-ELE,false,
D-ELE-012,Referendum question clarity aid,Referendum clarity,domain.elections_representation_legislation_admin,residents_and_institutions,governments_operators_partners,jurisdictional,domain-specific,standards,jurisdictional_authority,identity;privacy;security;records,pii;domain_sensitive,service_outage;rights_harm;trust_loss,access;privacy;non_discrimination;due_process,domain_specialists;engineers;counsel,open_interop;security_baselines,security_privacy_a11y_review,required_for_claimed_services,federated_multi_operator,planned,1,3,4,framework-only,SD-ELE,false,
D-ELE-013,Election results publication verify,Results pubs — J authority,domain.elections_representation_legislation_admin,residents_and_institutions,governments_operators_partners,jurisdictional,domain-specific,integrate,jurisdictional_authority,identity;privacy;security;records,pii;domain_sensitive,service_outage;rights_harm;trust_loss,access;privacy;non_discrimination;due_process,domain_specialists;engineers;counsel,open_interop;security_baselines,security_privacy_a11y_review,required_for_claimed_services,federated_multi_operator,planned,1,3,5,hidden-in-J-II,SD-ELE,true,
D-CSO-005,Mutual aid resource map,Mutual aid,domain.community_civil_society_voluntary,residents_and_institutions,governments_operators_partners,jurisdictional,domain-specific,operate,jurisdictional_authority,identity;privacy;security;records,pii;domain_sensitive,service_outage;rights_harm;trust_loss,access;privacy;non_discrimination;due_process,domain_specialists;engineers;counsel,open_interop;security_baselines,security_privacy_a11y_review,required_for_claimed_services,federated_multi_operator,planned,3,5,6,partial,SD-CSO,false,
D-CSO-006,Nonprofit financial transparency,Nonprofit finance,domain.community_civil_society_voluntary,residents_and_institutions,governments_operators_partners,jurisdictional,domain-specific,standards,jurisdictional_authority,identity;privacy;security;records,pii;domain_sensitive,service_outage;rights_harm;trust_loss,access;privacy;non_discrimination;due_process,domain_specialists;engineers;counsel,open_interop;security_baselines,security_privacy_a11y_review,required_for_claimed_services,federated_multi_operator,planned,2,4,5,framework-only,SD-CSO,false,
D-CSO-007,Community land trust registry,CLTs,domain.community_civil_society_voluntary,residents_and_institutions,governments_operators_partners,jurisdictional,domain-specific,reference,jurisdictional_authority,identity;privacy;security;records,pii;domain_sensitive,service_outage;rights_harm;trust_loss,access;privacy;non_discrimination;due_process,domain_specialists;engineers;counsel,open_interop;security_baselines,security_privacy_a11y_review,required_for_claimed_services,federated_multi_operator,planned,2,4,5,framework-only,SD-CSO,false,
D-CSO-008,Youth council participation toolkit,Youth councils,domain.community_civil_society_voluntary,residents_and_institutions,governments_operators_partners,jurisdictional,domain-specific,reference,jurisdictional_authority,identity;privacy;security;records,pii;domain_sensitive,service_outage;rights_harm;trust_loss,access;privacy;non_discrimination;due_process,domain_specialists;engineers;counsel,open_interop;security_baselines,security_privacy_a11y_review,required_for_claimed_services,federated_multi_operator,planned,2,4,5,framework-only,SD-CSO,false,
D-CSO-009,Neighborhood association portal,Neighborhoods,domain.community_civil_society_voluntary,residents_and_institutions,governments_operators_partners,jurisdictional,domain-specific,multi-impl,jurisdictional_authority,identity;privacy;security;records,pii;domain_sensitive,service_outage;rights_harm;trust_loss,access;privacy;non_discrimination;due_process,domain_specialists;engineers;counsel,open_interop;security_baselines,security_privacy_a11y_review,required_for_claimed_services,federated_multi_operator,planned,2,4,5,framework-only,SD-CSO,false,
D-CSO-010,Faith-based social service bridge,Faith social services,domain.community_civil_society_voluntary,residents_and_institutions,governments_operators_partners,jurisdictional,domain-specific,standards,jurisdictional_authority,identity;privacy;security;records,pii;domain_sensitive,service_outage;rights_harm;trust_loss,access;privacy;non_discrimination;due_process,domain_specialists;engineers;counsel,open_interop;security_baselines,security_privacy_a11y_review,required_for_claimed_services,federated_multi_operator,planned,1,3,4,framework-only,SD-CSO,false,
D-MEA-005,National accounts bridge,SNA-class,domain.measurement_statistics_forecasting_evidence,residents_and_institutions,governments_operators_partners,jurisdictional,integration,integrate,jurisdictional_authority,identity;privacy;security;records,pii;domain_sensitive,service_outage;rights_harm;trust_loss,access;privacy;non_discrimination;due_process,domain_specialists;engineers;counsel,open_interop;security_baselines,security_privacy_a11y_review,required_for_claimed_services,federated_multi_operator,planned,1,3,5,absent,SD-MEA,false,
D-MEA-006,Geospatial base map commons,Base maps,domain.measurement_statistics_forecasting_evidence,residents_and_institutions,governments_operators_partners,jurisdictional,domain-specific,multi-impl,jurisdictional_authority,identity;privacy;security;records,pii;domain_sensitive,service_outage;rights_harm;trust_loss,access;privacy;non_discrimination;due_process,domain_specialists;engineers;counsel,open_interop;security_baselines,security_privacy_a11y_review,required_for_claimed_services,federated_multi_operator,planned,3,5,6,partial,SD-MEA,false,
D-MEA-007,Administrative boundary service,Boundaries,domain.measurement_statistics_forecasting_evidence,residents_and_institutions,governments_operators_partners,jurisdictional,domain-specific,standards,jurisdictional_authority,identity;privacy;security;records,pii;domain_sensitive,service_outage;rights_harm;trust_loss,access;privacy;non_discrimination;due_process,domain_specialists;engineers;counsel,open_interop;security_baselines,security_privacy_a11y_review,required_for_claimed_services,federated_multi_operator,planned,2,4,6,partial,SD-MEA,false,
D-MEA-008,Price index collection toolkit,Price indices,domain.measurement_statistics_forecasting_evidence,residents_and_institutions,governments_operators_partners,jurisdictional,domain-specific,standards,jurisdictional_authority,identity;privacy;security;records,pii;domain_sensitive,service_outage;rights_harm;trust_loss,access;privacy;non_discrimination;due_process,domain_specialists;engineers;counsel,open_interop;security_baselines,security_privacy_a11y_review,required_for_claimed_services,federated_multi_operator,planned,1,3,5,framework-only,SD-MEA,false,
D-MEA-009,Impact evaluation registry,Evaluations,domain.measurement_statistics_forecasting_evidence,residents_and_institutions,governments_operators_partners,jurisdictional,domain-specific,reference,jurisdictional_authority,identity;privacy;security;records,pii;domain_sensitive,service_outage;rights_harm;trust_loss,access;privacy;non_discrimination;due_process,domain_specialists;engineers;counsel,open_interop;security_baselines,security_privacy_a11y_review,required_for_claimed_services,federated_multi_operator,planned,2,4,5,framework-only,SD-MEA,false,
D-MEA-010,Misinformation claim evidence locker,Evidence lockers,domain.measurement_statistics_forecasting_evidence,residents_and_institutions,governments_operators_partners,jurisdictional,domain-specific,reference,jurisdictional_authority,identity;privacy;security;records,pii;domain_sensitive,service_outage;rights_harm;trust_loss,access;privacy;non_discrimination;due_process,domain_specialists;engineers;counsel,open_interop;security_baselines,security_privacy_a11y_review,required_for_claimed_services,federated_multi_operator,planned,2,4,5,framework-only,SD-MEA,false,
D-MEA-011,Open government data portal kit,OGD portals,domain.measurement_statistics_forecasting_evidence,residents_and_institutions,governments_operators_partners,jurisdictional,domain-specific,reference,jurisdictional_authority,identity;privacy;security;records,pii;domain_sensitive,service_outage;rights_harm;trust_loss,access;privacy;non_discrimination;due_process,domain_specialists;engineers;counsel,open_interop;security_baselines,security_privacy_a11y_review,required_for_claimed_services,federated_multi_operator,planned,3,5,6,partial,SD-MEA,false,
D-ADD-007,Community kitchen coordination,Community kitchens,domain.additional_commons_care_space,residents_and_institutions,governments_operators_partners,jurisdictional,domain-specific,reference,jurisdictional_authority,identity;privacy;security;records,pii;domain_sensitive,service_outage;rights_harm;trust_loss,access;privacy;non_discrimination;due_process,domain_specialists;engineers;counsel,open_interop;security_baselines,security_privacy_a11y_review,required_for_claimed_services,federated_multi_operator,planned,2,4,5,framework-only,SD-ADD,false,
D-ADD-008,Public park amenity booking,Parks,domain.additional_commons_care_space,residents_and_institutions,governments_operators_partners,jurisdictional,domain-specific,reference,jurisdictional_authority,identity;privacy;security;records,pii;domain_sensitive,service_outage;rights_harm;trust_loss,access;privacy;non_discrimination;due_process,domain_specialists;engineers;counsel,open_interop;security_baselines,security_privacy_a11y_review,required_for_claimed_services,federated_multi_operator,planned,2,4,5,framework-only,SD-ADD,false,
D-ADD-009,Maker space equipment share,Makerspaces,domain.additional_commons_care_space,residents_and_institutions,governments_operators_partners,jurisdictional,domain-specific,reference,jurisdictional_authority,identity;privacy;security;records,pii;domain_sensitive,service_outage;rights_harm;trust_loss,access;privacy;non_discrimination;due_process,domain_specialists;engineers;counsel,open_interop;security_baselines,security_privacy_a11y_review,required_for_claimed_services,federated_multi_operator,planned,2,4,5,framework-only,SD-ADD,false,
D-ADD-010,Timebank reciprocal exchange,Timebanks,domain.additional_commons_care_space,residents_and_institutions,governments_operators_partners,jurisdictional,domain-specific,multi-impl,jurisdictional_authority,identity;privacy;security;records,pii;domain_sensitive,service_outage;rights_harm;trust_loss,access;privacy;non_discrimination;due_process,domain_specialists;engineers;counsel,open_interop;security_baselines,security_privacy_a11y_review,required_for_claimed_services,federated_multi_operator,planned,1,3,5,framework-only,SD-ADD,false,
D-ADD-011,Orbital debris reporting feed,Debris reporting,domain.additional_commons_care_space,residents_and_institutions,governments_operators_partners,jurisdictional,domain-specific,standards,jurisdictional_authority,identity;privacy;security;records,pii;domain_sensitive,service_outage;rights_harm;trust_loss,access;privacy;non_discrimination;due_process,domain_specialists;engineers;counsel,open_interop;security_baselines,security_privacy_a11y_review,required_for_claimed_services,federated_multi_operator,planned,0,2,3,absent,SD-ADD,false,
D-ADD-012,Undersea cable landing permits,Cable landings,domain.additional_commons_care_space,residents_and_institutions,governments_operators_partners,jurisdictional,domain-specific,leave-to-J,jurisdictional_authority,identity;privacy;security;records,pii;domain_sensitive,service_outage;rights_harm;trust_loss,access;privacy;non_discrimination;due_process,domain_specialists;engineers;counsel,open_interop;security_baselines,security_privacy_a11y_review,required_for_claimed_services,federated_multi_operator,planned,0,2,3,absent,SD-ADD,true,
D-ADD-013,Commons license template library,Commons licenses,domain.additional_commons_care_space,residents_and_institutions,governments_operators_partners,jurisdictional,domain-specific,operate,jurisdictional_authority,identity;privacy;security;records,pii;domain_sensitive,service_outage;rights_harm;trust_loss,access;privacy;non_discrimination;due_process,domain_specialists;engineers;counsel,open_interop;security_baselines,security_privacy_a11y_review,required_for_claimed_services,federated_multi_operator,planned,3,5,6,partial,SD-ADD,false,
D-ADD-014,Intergenerational care matching,Care matching,domain.additional_commons_care_space,residents_and_institutions,governments_operators_partners,jurisdictional,domain-specific,reference,jurisdictional_authority,identity;privacy;security;records,pii;domain_sensitive,service_outage;rights_harm;trust_loss,access;privacy;non_discrimination;due_process,domain_specialists;engineers;counsel,open_interop;security_baselines,security_privacy_a11y_review,required_for_claimed_services,federated_multi_operator,planned,1,3,5,framework-only,SD-ADD,false,
H-X-001,Shared notification delivery fabric,Multi-channel notifications reused across systems,horizontal.apis_standards_interop,residents_and_institutions,governments_operators_partners,global,shared-core,operate,federation_or_core_charter,identity;privacy;security;records,pii;credentials,service_outage;rights_harm;trust_loss,access;privacy;non_discrimination;due_process,engineers;domain_experts;counsel,open_interop;security_baselines,security_privacy_a11y_review,required_for_claimed_services,federated_multi_operator,planned,4,6,7,adequate,core-platform,false,
H-X-002,Shared case pattern engine,Generic case workflows,horizontal.public_services_case,residents_and_institutions,governments_operators_partners,global,shared-core,operate,federation_or_core_charter,identity;privacy;security;records,pii;credentials,service_outage;rights_harm;trust_loss,access;privacy;non_discrimination;due_process,engineers;domain_experts;counsel,open_interop;security_baselines,security_privacy_a11y_review,required_for_claimed_services,federated_multi_operator,planned,4,6,7,adequate,core-platform,false,
H-X-003,Shared evidence locker,Tamper-evident evidence storage patterns,horizontal.legislation_records,residents_and_institutions,governments_operators_partners,global,shared-core,reference,federation_or_core_charter,identity;privacy;security;records,pii;credentials,service_outage;rights_harm;trust_loss,access;privacy;non_discrimination;due_process,engineers;domain_experts;counsel,open_interop;security_baselines,security_privacy_a11y_review,required_for_claimed_services,federated_multi_operator,planned,3,5,7,partial,core-platform,false,
H-X-004,Shared consent ledger,Cross-domain consent,horizontal.privacy_data,residents_and_institutions,governments_operators_partners,global,shared-core,operate,federation_or_core_charter,identity;privacy;security;records,pii;credentials,service_outage;rights_harm;trust_loss,access;privacy;non_discrimination;due_process,engineers;domain_experts;counsel,open_interop;security_baselines,security_privacy_a11y_review,required_for_claimed_services,federated_multi_operator,planned,4,6,7,adequate,core-platform,false,
H-X-005,Shared rate-limit abuse fabric,Abuse controls,horizontal.security_resilience,residents_and_institutions,governments_operators_partners,global,shared-core,operate,federation_or_core_charter,identity;privacy;security;records,pii;credentials,service_outage;rights_harm;trust_loss,access;privacy;non_discrimination;due_process,engineers;domain_experts;counsel,open_interop;security_baselines,security_privacy_a11y_review,required_for_claimed_services,federated_multi_operator,planned,4,6,7,adequate,assurance,false,
H-X-006,Operator certification exam system,Certify operators,horizontal.deployment_federation_ops,residents_and_institutions,governments_operators_partners,global,shared-core,operate,federation_or_core_charter,identity;privacy;security;records,pii;credentials,service_outage;rights_harm;trust_loss,access;privacy;non_discrimination;due_process,engineers;domain_experts;counsel,open_interop;security_baselines,security_privacy_a11y_review,required_for_claimed_services,federated_multi_operator,planned,3,5,6,partial,operator-network.establishment,false,
H-X-007,Federation partition playbooks,Geopolitical partition drills,horizontal.deployment_federation_ops,residents_and_institutions,governments_operators_partners,global,shared-core,reference,federation_or_core_charter,identity;privacy;security;records,pii;credentials,service_outage;rights_harm;trust_loss,access;privacy;non_discrimination;due_process,engineers;domain_experts;counsel,open_interop;security_baselines,security_privacy_a11y_review,required_for_claimed_services,federated_multi_operator,planned,2,4,6,partial,reserves,false,
H-X-008,Cryptographic algorithm agility,Crypto migration program,horizontal.security_resilience,residents_and_institutions,governments_operators_partners,global,shared-core,operate,federation_or_core_charter,identity;privacy;security;records,pii;credentials,service_outage;rights_harm;trust_loss,access;privacy;non_discrimination;due_process,engineers;domain_experts;counsel,open_interop;security_baselines,security_privacy_a11y_review,required_for_claimed_services,federated_multi_operator,planned,2,4,7,partial,reserves,false,
H-X-009,Archival century retention vault,Long-horizon archives,horizontal.legislation_records,residents_and_institutions,governments_operators_partners,global,shared-core,federate,federation_or_core_charter,identity;privacy;security;records,pii;credentials,service_outage;rights_harm;trust_loss,access;privacy;non_discrimination;due_process,engineers;domain_experts;counsel,open_interop;security_baselines,security_privacy_a11y_review,required_for_claimed_services,federated_multi_operator,planned,2,4,6,partial,core-platform,false,
H-X-010,Nondigital service channel kit,Paper/phone/kiosk patterns,horizontal.accessibility_localization,residents_and_institutions,governments_operators_partners,jurisdictional,shared-core,reference,federation_or_core_charter,identity;privacy;security;records,pii;credentials,service_outage;rights_harm;trust_loss,access;privacy;non_discrimination;due_process,engineers;domain_experts;counsel,open_interop;security_baselines,security_privacy_a11y_review,required_for_claimed_services,federated_multi_operator,planned,3,5,7,partial,accessibility-localization,false,
H-X-011,Low-connectivity sync protocol,Offline-first sync,horizontal.apis_standards_interop,residents_and_institutions,governments_operators_partners,global,shared-core,operate,federation_or_core_charter,identity;privacy;security;records,pii;credentials,service_outage;rights_harm;trust_loss,access;privacy;non_discrimination;due_process,engineers;domain_experts;counsel,open_interop;security_baselines,security_privacy_a11y_review,required_for_claimed_services,federated_multi_operator,planned,3,5,7,partial,core-platform,false,
H-X-012,Institutional onboarding factory,Repeatable institution onboarding,horizontal.adoption_education_support,residents_and_institutions,governments_operators_partners,global,shared-core,operate,federation_or_core_charter,identity;privacy;security;records,pii;credentials,service_outage;rights_harm;trust_loss,access;privacy;non_discrimination;due_process,engineers;domain_experts;counsel,open_interop;security_baselines,security_privacy_a11y_review,required_for_claimed_services,federated_multi_operator,planned,3,5,6,partial,adoption-education-support,false,
H-X-013,Independent assurance evidence portal,Assurance evidence,horizontal.audit_fraud_appeals,residents_and_institutions,governments_operators_partners,global,shared-core,reference,federation_or_core_charter,identity;privacy;security;records,pii;credentials,service_outage;rights_harm;trust_loss,access;privacy;non_discrimination;due_process,engineers;domain_experts;counsel,open_interop;security_baselines,security_privacy_a11y_review,required_for_claimed_services,federated_multi_operator,planned,3,5,6,partial,independent-governance,false,
H-X-014,Multi-party escrow continuity vault,Funding continuity escrow,horizontal.payments_accounting,residents_and_institutions,governments_operators_partners,global,shared-core,federate,federation_or_core_charter,identity;privacy;security;records,pii;credentials,service_outage;rights_harm;trust_loss,access;privacy;non_discrimination;due_process,engineers;domain_experts;counsel,open_interop;security_baselines,security_privacy_a11y_review,required_for_claimed_services,federated_multi_operator,planned,2,4,5,partial,reserves,false,
H-X-015,Shared terminology translation memory,Domain term L10n memory,horizontal.accessibility_localization,residents_and_institutions,governments_operators_partners,global,shared-core,operate,federation_or_core_charter,identity;privacy;security;records,pii;credentials,service_outage;rights_harm;trust_loss,access;privacy;non_discrimination;due_process,engineers;domain_experts;counsel,open_interop;security_baselines,security_privacy_a11y_review,required_for_claimed_services,federated_multi_operator,planned,3,5,7,partial,accessibility-localization,false,
